,year,nr_obwodu,majchrowski,po,pis,gibala,lesniak,berkowicz,inni,max_voters,votes,obwod06,majchrowski_proc,po_proc,pis_proc,gibala_proc,lesniak_proc,berkowicz_proc,inni_proc
0,2014,1,155,27,103,36,23,17,25,1008,386,1.0,0.4015544041450777,0.06994818652849741,0.266839378238342,0.09326424870466321,0.05958549222797927,0.04404145077720207,0.06476683937823834
111,2014,2,131,31,109,22,21,11,22,942,347,105.0,0.37752161383285304,0.0893371757925072,0.31412103746397696,0.06340057636887608,0.06051873198847262,0.03170028818443804,0.06340057636887608
222,2014,3,133,34,104,43,24,12,20,1125,370,203.0,0.35945945945945945,0.0918918918918919,0.2810810810810811,0.11621621621621622,0.06486486486486487,0.032432432432432434,0.05405405405405406
333,2014,4,126,28,78,41,18,18,17,909,326,302.0,0.38650306748466257,0.08588957055214724,0.2392638036809816,0.12576687116564417,0.05521472392638037,0.05521472392638037,0.05214723926380368
432,2014,5,128,37,83,32,17,22,18,1039,337,394.0,0.3798219584569733,0.10979228486646884,0.24629080118694363,0.09495548961424333,0.050445103857566766,0.06528189910979229,0.05341246290801187
443,2014,6,70,23,56,19,10,15,7,535,200,405.0,0.35,0.115,0.28,0.095,0.05,0.075,0.035
454,2014,7,200,53,219,43,24,29,19,1403,587,,0.34071550255536626,0.09028960817717206,0.3730834752981261,0.07325383304940375,0.04088586030664395,0.049403747870528106,0.03236797274275979
465,2014,8,159,31,153,22,27,21,33,1277,446,,0.35650224215246634,0.06950672645739911,0.3430493273542601,0.04932735426008968,0.06053811659192825,0.04708520179372197,0.07399103139013453
476,2014,9,84,26,73,31,23,17,12,723,266,,0.3157894736842105,0.09774436090225563,0.2744360902255639,0.11654135338345864,0.08646616541353383,0.06390977443609022,0.045112781954887216
1,2014,10,101,26,170,27,12,4,31,733,371,2.0,0.2722371967654987,0.07008086253369272,0.4582210242587601,0.07277628032345014,0.03234501347708895,0.01078167115902965,0.08355795148247978
12,2014,11,129,28,106,32,19,11,15,848,340,13.0,0.37941176470588234,0.08235294117647059,0.31176470588235294,0.09411764705882353,0.05588235294117647,0.03235294117647059,0.04411764705882353
23,2014,12,97,27,122,51,16,15,25,770,353,24.0,0.2747875354107649,0.0764872521246459,0.34560906515580736,0.14447592067988668,0.0453257790368272,0.042492917847025496,0.0708215297450425
34,2014,13,217,41,136,59,30,32,24,1268,539,35.0,0.4025974025974026,0.07606679035250463,0.2523191094619666,0.10946196660482375,0.055658627087198514,0.059369202226345084,0.04452690166975881
45,2014,14,96,27,59,37,8,7,16,619,250,46.0,0.384,0.108,0.236,0.148,0.032,0.028,0.064
56,2014,15,151,42,176,31,32,18,30,976,480,57.0,0.3145833333333333,0.0875,0.36666666666666664,0.06458333333333334,0.06666666666666667,0.0375,0.0625
67,2014,16,178,41,186,45,31,15,36,1121,532,65.0,0.33458646616541354,0.07706766917293233,0.34962406015037595,0.08458646616541353,0.05827067669172932,0.02819548872180451,0.06766917293233082
78,2014,17,120,37,80,31,22,13,26,782,329,76.0,0.364741641337386,0.11246200607902736,0.24316109422492402,0.09422492401215805,0.0668693009118541,0.03951367781155015,0.0790273556231003
89,2014,18,180,45,108,45,41,17,23,955,459,88.0,0.39215686274509803,0.09803921568627451,0.23529411764705882,0.09803921568627451,0.08932461873638345,0.037037037037037035,0.05010893246187364
100,2014,19,135,34,151,31,34,17,16,865,418,97.0,0.3229665071770335,0.08133971291866028,0.361244019138756,0.07416267942583732,0.08133971291866028,0.04066985645933014,0.03827751196172249
112,2014,20,107,36,46,29,14,18,19,632,269,106.0,0.39776951672862454,0.13382899628252787,0.17100371747211895,0.10780669144981413,0.05204460966542751,0.06691449814126393,0.07063197026022305
123,2014,21,126,21,186,25,24,20,25,1033,427,115.0,0.29508196721311475,0.04918032786885246,0.43559718969555034,0.0585480093676815,0.05620608899297424,0.0468384074941452,0.0585480093676815
134,2014,22,129,48,60,34,22,8,22,758,323,126.0,0.3993808049535604,0.14860681114551083,0.18575851393188855,0.10526315789473684,0.06811145510835913,0.02476780185758514,0.06811145510835913
145,2014,23,113,25,43,29,16,8,19,561,253,135.0,0.44664031620553357,0.09881422924901186,0.16996047430830039,0.11462450592885376,0.06324110671936758,0.03162055335968379,0.07509881422924901
156,2014,24,212,55,150,67,32,25,40,1334,581,148.0,0.3648881239242685,0.09466437177280551,0.25817555938037867,0.1153184165232358,0.055077452667814115,0.043029259896729774,0.06884681583476764
167,2014,25,182,47,139,42,33,23,27,1131,493,158.0,0.3691683569979716,0.09533468559837728,0.281947261663286,0.08519269776876268,0.06693711967545639,0.04665314401622718,0.05476673427991886
178,2014,26,166,29,107,60,29,27,33,1008,451,169.0,0.36807095343680707,0.06430155210643015,0.23725055432372505,0.13303769401330376,0.06430155210643015,0.0598669623059867,0.07317073170731707
189,2014,27,215,52,144,49,54,23,59,1299,596,175.0,0.36073825503355705,0.087248322147651,0.24161073825503357,0.08221476510067115,0.09060402684563758,0.03859060402684564,0.09899328859060402
200,2014,28,128,41,88,42,33,10,16,797,358,184.0,0.3575418994413408,0.11452513966480447,0.24581005586592178,0.11731843575418995,0.09217877094972067,0.027932960893854747,0.0446927374301676
211,2014,29,77,29,101,32,11,14,12,613,276,194.0,0.27898550724637683,0.10507246376811594,0.36594202898550726,0.11594202898550725,0.03985507246376811,0.050724637681159424,0.043478260869565216
223,2014,30,121,46,199,52,30,12,27,1047,487,204.0,0.24845995893223818,0.0944558521560575,0.4086242299794661,0.10677618069815195,0.061601642710472276,0.024640657084188913,0.055441478439425054
234,2014,31,214,62,122,67,23,22,29,1336,539,212.0,0.3970315398886827,0.1150278293135436,0.22634508348794063,0.12430426716141002,0.04267161410018553,0.04081632653061224,0.05380333951762523
245,2014,32,110,18,85,36,7,15,18,847,289,221.0,0.3806228373702422,0.06228373702422145,0.29411764705882354,0.1245674740484429,0.02422145328719723,0.05190311418685121,0.06228373702422145
256,2014,33,234,65,158,65,37,24,25,1283,608,231.0,0.3848684210526316,0.1069078947368421,0.2598684210526316,0.1069078947368421,0.06085526315789474,0.039473684210526314,0.04111842105263158
267,2014,34,244,54,132,82,34,22,27,1270,595,240.0,0.41008403361344536,0.0907563025210084,0.2218487394957983,0.13781512605042018,0.05714285714285714,0.03697478991596639,0.0453781512605042
278,2014,35,229,39,144,60,42,11,37,1252,562,249.0,0.40747330960854095,0.0693950177935943,0.25622775800711745,0.10676156583629894,0.07473309608540925,0.019572953736654804,0.06583629893238434
289,2014,36,138,26,81,42,26,15,21,794,349,261.0,0.3954154727793696,0.07449856733524356,0.23209169054441262,0.12034383954154727,0.07449856733524356,0.04297994269340974,0.06017191977077364
300,2014,37,153,46,130,33,27,19,28,1175,436,272.0,0.35091743119266056,0.10550458715596331,0.2981651376146789,0.07568807339449542,0.06192660550458716,0.04357798165137615,0.06422018348623854
311,2014,38,215,35,108,97,21,23,24,1058,523,281.0,0.4110898661567878,0.06692160611854685,0.20650095602294455,0.18546845124282982,0.040152963671128104,0.04397705544933078,0.045889101338432124
322,2014,39,340,63,219,72,37,20,30,1591,781,292.0,0.4353393085787452,0.08066581306017925,0.28040973111395645,0.09218950064020487,0.04737516005121639,0.02560819462227913,0.03841229193341869
334,2014,40,308,52,192,53,32,36,34,1628,707,303.0,0.43564356435643564,0.07355021216407355,0.27157001414427157,0.07496463932107496,0.04526166902404526,0.05091937765205092,0.04809052333804809
345,2014,41,234,38,162,56,32,18,22,1409,562,310.0,0.41637010676156583,0.06761565836298933,0.28825622775800713,0.099644128113879,0.05693950177935943,0.03202846975088968,0.03914590747330961
356,2014,42,236,47,123,61,26,16,19,1298,528,321.0,0.44696969696969696,0.08901515151515152,0.23295454545454544,0.11553030303030302,0.04924242424242424,0.030303030303030304,0.03598484848484849
367,2014,43,241,37,159,37,24,19,15,1176,532,327.0,0.45300751879699247,0.06954887218045112,0.29887218045112784,0.06954887218045112,0.045112781954887216,0.03571428571428571,0.02819548872180451
378,2014,44,237,69,131,86,33,34,29,1523,619,341.0,0.38287560581583197,0.11147011308562198,0.21163166397415187,0.13893376413570274,0.05331179321486268,0.05492730210016155,0.046849757673667204
389,2014,45,283,56,197,47,23,14,24,1456,644,352.0,0.4394409937888199,0.08695652173913043,0.3059006211180124,0.07298136645962733,0.03571428571428571,0.021739130434782608,0.037267080745341616
400,2014,46,165,45,101,71,29,14,39,1133,464,362.0,0.35560344827586204,0.09698275862068965,0.21767241379310345,0.15301724137931033,0.0625,0.03017241379310345,0.08405172413793104
411,2014,47,251,30,76,59,35,20,16,1153,487,373.0,0.5154004106776181,0.061601642710472276,0.15605749486652978,0.12114989733059549,0.07186858316221766,0.04106776180698152,0.03285420944558522
422,2014,48,179,58,157,64,31,11,28,1126,528,384.0,0.3390151515151515,0.10984848484848485,0.29734848484848486,0.12121212121212122,0.058712121212121215,0.020833333333333332,0.05303030303030303
431,2014,49,156,33,98,43,31,17,25,1114,403,393.0,0.3870967741935484,0.08188585607940446,0.24317617866004962,0.10669975186104218,0.07692307692307693,0.04218362282878412,0.062034739454094295
433,2014,50,177,56,114,51,49,17,22,1104,486,395.0,0.36419753086419754,0.11522633744855967,0.2345679012345679,0.10493827160493827,0.10082304526748971,0.03497942386831276,0.04526748971193416
434,2014,51,211,43,126,56,36,20,19,1253,511,396.0,0.41291585127201563,0.08414872798434442,0.2465753424657534,0.1095890410958904,0.07045009784735812,0.03913894324853229,0.03718199608610567
435,2014,52,237,61,148,54,42,26,20,1397,588,397.0,0.4030612244897959,0.10374149659863946,0.25170068027210885,0.09183673469387756,0.07142857142857142,0.04421768707482993,0.034013605442176874
436,2014,53,163,30,74,39,20,15,22,703,363,398.0,0.4490358126721763,0.08264462809917356,0.20385674931129477,0.10743801652892562,0.05509641873278237,0.04132231404958678,0.06060606060606061
437,2014,54,278,59,184,56,35,38,18,1522,668,403.0,0.4161676646706587,0.08832335329341318,0.2754491017964072,0.08383233532934131,0.05239520958083832,0.05688622754491018,0.02694610778443114
438,2014,55,279,40,116,56,30,22,20,1510,563,399.0,0.4955595026642984,0.07104795737122557,0.20603907637655416,0.0994671403197158,0.05328596802841918,0.03907637655417407,0.035523978685612786
439,2014,56,233,52,150,76,20,23,21,1370,575,400.0,0.4052173913043478,0.09043478260869565,0.2608695652173913,0.13217391304347825,0.034782608695652174,0.04,0.036521739130434785
440,2014,57,173,39,111,66,19,22,12,1084,442,400.0,0.3914027149321267,0.08823529411764706,0.251131221719457,0.1493212669683258,0.042986425339366516,0.049773755656108594,0.027149321266968326
441,2014,58,192,42,157,63,20,19,22,1101,515,402.0,0.37281553398058254,0.08155339805825243,0.3048543689320388,0.12233009708737864,0.038834951456310676,0.036893203883495145,0.04271844660194175
442,2014,59,264,62,144,81,23,33,20,1421,627,396.0,0.42105263157894735,0.09888357256778309,0.22966507177033493,0.1291866028708134,0.03668261562998405,0.05263157894736842,0.03189792663476874
444,2014,60,264,64,105,63,15,18,22,1103,551,406.0,0.4791288566243194,0.1161524500907441,0.19056261343012704,0.11433756805807622,0.02722323049001815,0.032667876588021776,0.039927404718693285
445,2014,61,142,25,105,42,19,14,13,756,360,407.0,0.39444444444444443,0.06944444444444445,0.2916666666666667,0.11666666666666667,0.05277777777777778,0.03888888888888889,0.03611111111111111
446,2014,62,292,50,155,51,20,23,15,1331,606,408.0,0.48184818481848185,0.08250825082508251,0.25577557755775576,0.08415841584158416,0.033003300330033,0.037953795379537955,0.024752475247524754
447,2014,63,242,42,140,72,20,17,23,1489,556,409.0,0.4352517985611511,0.07553956834532374,0.2517985611510791,0.12949640287769784,0.03597122302158273,0.030575539568345324,0.04136690647482014
448,2014,64,225,40,135,68,11,14,18,1136,511,410.0,0.44031311154598823,0.07827788649706457,0.26418786692759294,0.13307240704500978,0.021526418786692758,0.0273972602739726,0.03522504892367906
449,2014,65,158,45,122,73,24,17,19,1050,458,411.0,0.34497816593886466,0.0982532751091703,0.2663755458515284,0.15938864628820962,0.05240174672489083,0.03711790393013101,0.04148471615720524
450,2014,66,195,19,114,49,18,17,23,1121,435,412.0,0.4482758620689655,0.04367816091954023,0.2620689655172414,0.11264367816091954,0.041379310344827586,0.03908045977011494,0.052873563218390804
451,2014,67,328,84,207,137,54,52,47,2015,909,413.0,0.36083608360836084,0.0924092409240924,0.22772277227722773,0.15071507150715072,0.0594059405940594,0.05720572057205721,0.0517051705170517
452,2014,68,322,73,212,82,24,43,30,1818,786,,0.40966921119592875,0.09287531806615776,0.2697201017811705,0.10432569974554708,0.030534351145038167,0.054707379134860054,0.03816793893129771
453,2014,69,176,19,64,41,12,15,26,1149,353,,0.4985835694050991,0.053824362606232294,0.1813031161473088,0.11614730878186968,0.0339943342776204,0.042492917847025496,0.07365439093484419
455,2014,70,168,28,120,38,16,10,13,944,393,,0.42748091603053434,0.07124681933842239,0.3053435114503817,0.09669211195928754,0.04071246819338423,0.02544529262086514,0.03307888040712468
456,2014,71,429,91,263,83,41,50,44,1981,1001,,0.42857142857142855,0.09090909090909091,0.2627372627372627,0.08291708291708291,0.04095904095904096,0.04995004995004995,0.04395604395604396
457,2014,72,208,45,142,44,17,17,20,1130,493,,0.42190669371196754,0.09127789046653144,0.2880324543610548,0.08924949290060852,0.034482758620689655,0.034482758620689655,0.04056795131845842
458,2014,73,182,47,144,40,10,15,19,1001,457,,0.3982494529540481,0.10284463894967177,0.3150984682713348,0.087527352297593,0.02188183807439825,0.03282275711159737,0.04157549234135667
459,2014,74,199,44,102,36,17,16,16,1140,430,,0.4627906976744186,0.10232558139534884,0.2372093023255814,0.08372093023255814,0.03953488372093023,0.037209302325581395,0.037209302325581395
460,2014,75,241,47,153,73,22,17,18,1449,571,,0.4220665499124343,0.08231173380035026,0.2679509632224168,0.12784588441331,0.03852889667250438,0.0297723292469352,0.03152364273204904
461,2014,76,186,42,115,50,16,5,14,1074,428,,0.43457943925233644,0.09813084112149532,0.26869158878504673,0.11682242990654206,0.037383177570093455,0.011682242990654205,0.03271028037383177
462,2014,77,425,82,254,81,31,38,46,1954,957,,0.4440961337513062,0.08568443051201671,0.26541274817136884,0.08463949843260188,0.03239289446185998,0.03970741901776385,0.04806687565308255
463,2014,78,341,86,196,80,35,33,26,1675,797,,0.42785445420326224,0.10790464240903387,0.24592220828105396,0.10037641154328733,0.043914680050188205,0.04140526976160602,0.03262233375156838
464,2014,79,180,29,75,28,17,7,6,853,342,,0.5263157894736842,0.0847953216374269,0.21929824561403508,0.08187134502923976,0.049707602339181284,0.02046783625730994,0.017543859649122806
466,2014,80,191,43,145,42,10,11,15,1141,457,,0.4179431072210066,0.09409190371991247,0.3172866520787746,0.09190371991247265,0.02188183807439825,0.024070021881838075,0.03282275711159737
467,2014,81,223,47,124,68,22,13,13,1239,510,,0.4372549019607843,0.09215686274509804,0.24313725490196078,0.13333333333333333,0.043137254901960784,0.025490196078431372,0.025490196078431372
468,2014,82,384,69,162,80,55,30,27,1843,807,,0.4758364312267658,0.08550185873605948,0.20074349442379183,0.09913258983890955,0.06815365551425032,0.03717472118959108,0.03345724907063197
469,2014,83,119,38,110,38,23,14,18,908,360,,0.33055555555555555,0.10555555555555556,0.3055555555555556,0.10555555555555556,0.06388888888888888,0.03888888888888889,0.05
470,2014,84,253,116,187,70,39,32,30,1749,727,,0.34800550206327374,0.15955983493810177,0.25722145804676755,0.09628610729023383,0.05364511691884457,0.04401650618982118,0.04126547455295736
471,2014,85,275,129,147,96,58,29,48,1851,782,,0.3516624040920716,0.1649616368286445,0.18797953964194372,0.12276214833759591,0.0741687979539642,0.0370843989769821,0.061381074168797956
472,2014,86,195,38,120,32,22,36,14,1117,457,,0.42669584245076586,0.08315098468271334,0.26258205689277897,0.0700218818380744,0.04814004376367615,0.0787746170678337,0.030634573304157548
473,2014,87,187,54,102,51,30,19,16,1185,459,,0.4074074074074074,0.11764705882352941,0.2222222222222222,0.1111111111111111,0.06535947712418301,0.04139433551198257,0.034858387799564274
474,2014,88,250,49,129,69,17,29,22,1563,565,,0.4424778761061947,0.08672566371681416,0.22831858407079647,0.12212389380530973,0.03008849557522124,0.05132743362831858,0.03893805309734513
475,2014,89,213,44,149,59,29,19,22,1670,535,,0.3981308411214953,0.08224299065420561,0.27850467289719627,0.1102803738317757,0.05420560747663551,0.03551401869158879,0.041121495327102804
477,2014,90,211,83,92,58,30,22,30,1122,526,,0.4011406844106464,0.15779467680608364,0.17490494296577946,0.11026615969581749,0.057034220532319393,0.04182509505703422,0.057034220532319393
478,2014,91,180,41,78,60,49,35,10,1149,453,,0.3973509933774834,0.09050772626931568,0.17218543046357615,0.13245033112582782,0.10816777041942605,0.0772626931567329,0.02207505518763797
479,2014,92,158,29,126,37,23,18,18,1099,409,,0.3863080684596577,0.07090464547677261,0.3080684596577017,0.09046454767726161,0.05623471882640587,0.044009779951100246,0.044009779951100246
480,2014,93,140,25,67,34,13,11,19,972,309,,0.45307443365695793,0.08090614886731391,0.2168284789644013,0.11003236245954692,0.042071197411003236,0.03559870550161812,0.061488673139158574
481,2014,94,138,29,77,38,22,13,10,945,327,,0.42201834862385323,0.08868501529051988,0.23547400611620795,0.1162079510703364,0.0672782874617737,0.039755351681957186,0.03058103975535168
482,2014,95,242,73,187,88,32,34,24,2101,680,,0.3558823529411765,0.10735294117647058,0.275,0.12941176470588237,0.047058823529411764,0.05,0.03529411764705882
483,2014,96,108,43,68,21,16,8,8,792,272,,0.39705882352941174,0.15808823529411764,0.25,0.07720588235294118,0.058823529411764705,0.029411764705882353,0.029411764705882353
484,2014,97,163,27,87,39,10,16,10,1084,352,,0.4630681818181818,0.07670454545454546,0.2471590909090909,0.11079545454545454,0.028409090909090908,0.045454545454545456,0.028409090909090908
485,2014,98,158,28,89,39,35,11,19,1074,379,,0.41688654353562005,0.07387862796833773,0.23482849604221637,0.10290237467018469,0.09234828496042216,0.029023746701846966,0.05013192612137203
486,2014,99,235,38,142,74,27,20,19,1563,555,,0.42342342342342343,0.06846846846846846,0.25585585585585585,0.13333333333333333,0.04864864864864865,0.036036036036036036,0.03423423423423423
2,2014,100,284,66,193,80,39,26,29,1600,717,3.0,0.39609483960948394,0.09205020920502092,0.2691771269177127,0.11157601115760112,0.05439330543933055,0.03626220362622036,0.040446304044630406
3,2014,101,201,68,88,70,45,31,30,1107,533,4.0,0.3771106941838649,0.1275797373358349,0.1651031894934334,0.13133208255159476,0.08442776735459662,0.058161350844277676,0.05628517823639775
4,2014,102,209,49,112,58,39,32,24,1197,523,5.0,0.39961759082217974,0.09369024856596558,0.21414913957934992,0.11089866156787763,0.0745697896749522,0.06118546845124283,0.045889101338432124
5,2014,103,242,57,114,76,23,23,25,1288,560,6.0,0.43214285714285716,0.10178571428571428,0.20357142857142857,0.1357142857142857,0.04107142857142857,0.04107142857142857,0.044642857142857144
6,2014,104,181,44,47,66,37,18,19,954,412,7.0,0.4393203883495146,0.10679611650485436,0.11407766990291263,0.16019417475728157,0.08980582524271845,0.043689320388349516,0.04611650485436893
7,2014,105,152,51,91,45,22,15,12,777,388,8.0,0.3917525773195876,0.13144329896907217,0.2345360824742268,0.11597938144329897,0.05670103092783505,0.03865979381443299,0.030927835051546393
8,2014,106,385,80,207,97,57,26,28,1924,880,9.0,0.4375,0.09090909090909091,0.23522727272727273,0.11022727272727273,0.06477272727272727,0.029545454545454545,0.031818181818181815
9,2014,107,170,39,120,75,39,14,19,1085,476,10.0,0.35714285714285715,0.0819327731092437,0.25210084033613445,0.15756302521008403,0.0819327731092437,0.029411764705882353,0.03991596638655462
10,2014,108,206,56,96,82,25,24,16,1106,505,11.0,0.4079207920792079,0.11089108910891089,0.1900990099009901,0.16237623762376238,0.04950495049504951,0.047524752475247525,0.031683168316831684
11,2014,109,268,66,203,94,59,21,35,1554,746,12.0,0.35924932975871315,0.08847184986595175,0.27211796246648795,0.1260053619302949,0.07908847184986595,0.028150134048257374,0.04691689008042895
13,2014,110,165,76,157,55,26,29,18,1113,526,14.0,0.31368821292775667,0.1444866920152091,0.2984790874524715,0.10456273764258556,0.049429657794676805,0.055133079847908745,0.034220532319391636
14,2014,111,374,94,173,111,42,26,28,1938,848,15.0,0.4410377358490566,0.11084905660377359,0.20400943396226415,0.13089622641509435,0.049528301886792456,0.030660377358490566,0.0330188679245283
15,2014,112,403,73,165,100,55,22,31,1985,849,16.0,0.4746760895170789,0.08598351001177856,0.19434628975265017,0.11778563015312132,0.06478209658421673,0.02591283863368669,0.03651354534746761
16,2014,113,373,81,209,81,44,30,20,1857,838,17.0,0.4451073985680191,0.09665871121718377,0.2494033412887828,0.09665871121718377,0.05250596658711217,0.03579952267303103,0.02386634844868735
17,2014,114,329,74,184,91,33,35,18,1669,764,18.0,0.4306282722513089,0.0968586387434555,0.24083769633507854,0.11910994764397906,0.04319371727748691,0.04581151832460733,0.02356020942408377
18,2014,115,379,88,199,98,68,21,29,2026,882,19.0,0.42970521541950113,0.09977324263038549,0.2256235827664399,0.1111111111111111,0.07709750566893424,0.023809523809523808,0.032879818594104306
19,2014,116,195,23,91,47,12,17,18,1153,403,20.0,0.4838709677419355,0.05707196029776675,0.22580645161290322,0.11662531017369727,0.02977667493796526,0.04218362282878412,0.04466501240694789
20,2014,117,357,57,180,51,23,18,20,1591,706,21.0,0.5056657223796034,0.08073654390934844,0.254957507082153,0.07223796033994334,0.032577903682719546,0.025495750708215296,0.028328611898016998
21,2014,118,300,94,202,77,55,38,24,1640,790,22.0,0.379746835443038,0.1189873417721519,0.25569620253164554,0.09746835443037975,0.06962025316455696,0.04810126582278481,0.030379746835443037
22,2014,119,210,93,202,139,28,28,52,1603,752,23.0,0.27925531914893614,0.12367021276595745,0.26861702127659576,0.1848404255319149,0.03723404255319149,0.03723404255319149,0.06914893617021277
24,2014,120,264,62,154,91,15,27,30,1378,643,25.0,0.4105754276827372,0.09642301710730948,0.23950233281493002,0.14152410575427682,0.02332814930015552,0.041990668740279936,0.04665629860031104
25,2014,121,132,57,85,65,32,21,18,1073,410,26.0,0.32195121951219513,0.13902439024390245,0.2073170731707317,0.15853658536585366,0.07804878048780488,0.05121951219512195,0.04390243902439024
26,2014,122,198,45,86,57,41,21,26,1076,474,27.0,0.4177215189873418,0.0949367088607595,0.18143459915611815,0.12025316455696203,0.08649789029535865,0.04430379746835443,0.05485232067510549
27,2014,123,106,19,43,61,14,14,7,1099,264,28.0,0.4015151515151515,0.07196969696969698,0.16287878787878787,0.23106060606060605,0.05303030303030303,0.05303030303030303,0.026515151515151516
28,2014,124,277,70,122,129,37,22,28,1526,685,29.0,0.4043795620437956,0.10218978102189781,0.1781021897810219,0.18832116788321168,0.05401459854014599,0.032116788321167884,0.040875912408759124
29,2014,125,359,76,212,79,34,46,22,1693,828,30.0,0.4335748792270531,0.09178743961352658,0.2560386473429952,0.09541062801932366,0.04106280193236715,0.05555555555555555,0.026570048309178744
30,2014,126,126,36,75,42,31,37,15,842,362,31.0,0.34806629834254144,0.09944751381215469,0.20718232044198895,0.11602209944751381,0.0856353591160221,0.10220994475138122,0.04143646408839779
31,2014,127,230,66,165,62,24,10,22,1219,579,32.0,0.39723661485319517,0.11398963730569948,0.2849740932642487,0.1070811744386874,0.04145077720207254,0.017271157167530225,0.037996545768566495
32,2014,128,149,27,71,45,14,13,12,897,331,33.0,0.4501510574018127,0.08157099697885196,0.21450151057401812,0.13595166163141995,0.04229607250755287,0.03927492447129909,0.03625377643504532
33,2014,129,141,41,84,35,25,24,18,619,368,34.0,0.38315217391304346,0.11141304347826086,0.22826086956521738,0.09510869565217392,0.06793478260869565,0.06521739130434782,0.04891304347826087
35,2014,130,225,56,181,63,71,19,37,1485,652,36.0,0.3450920245398773,0.08588957055214724,0.2776073619631902,0.09662576687116564,0.10889570552147239,0.029141104294478526,0.05674846625766871
36,2014,131,259,76,140,59,49,28,28,1409,639,37.0,0.405320813771518,0.1189358372456964,0.2190923317683881,0.09233176838810642,0.07668231611893583,0.04381846635367762,0.04381846635367762
37,2014,132,325,84,186,63,71,41,43,1777,813,38.0,0.3997539975399754,0.1033210332103321,0.22878228782287824,0.07749077490774908,0.08733087330873308,0.05043050430504305,0.05289052890528905
38,2014,133,159,61,101,36,35,16,18,780,426,39.0,0.3732394366197183,0.1431924882629108,0.23708920187793428,0.08450704225352113,0.08215962441314555,0.03755868544600939,0.04225352112676056
39,2014,134,132,38,102,51,25,12,25,1013,385,40.0,0.34285714285714286,0.0987012987012987,0.2649350649350649,0.13246753246753246,0.06493506493506493,0.03116883116883117,0.06493506493506493
40,2014,135,280,68,136,67,55,29,30,1315,665,41.0,0.42105263157894735,0.10225563909774436,0.20451127819548873,0.10075187969924812,0.08270676691729323,0.04360902255639098,0.045112781954887216
41,2014,136,149,36,109,37,34,12,18,860,395,42.0,0.37721518987341773,0.09113924050632911,0.2759493670886076,0.09367088607594937,0.08607594936708861,0.030379746835443037,0.04556962025316456
42,2014,137,109,41,45,63,32,19,24,716,333,43.0,0.32732732732732733,0.12312312312312312,0.13513513513513514,0.1891891891891892,0.0960960960960961,0.057057057057057055,0.07207207207207207
43,2014,138,146,38,56,31,25,16,24,759,336,45.0,0.43452380952380953,0.1130952380952381,0.16666666666666666,0.09226190476190477,0.0744047619047619,0.047619047619047616,0.07142857142857142
44,2014,139,196,32,85,45,38,10,21,947,427,45.0,0.45901639344262296,0.07494145199063232,0.1990632318501171,0.1053864168618267,0.08899297423887588,0.0234192037470726,0.04918032786885246
46,2014,140,214,48,134,54,58,25,32,1144,565,47.0,0.3787610619469027,0.08495575221238938,0.23716814159292035,0.09557522123893805,0.10265486725663717,0.04424778761061947,0.05663716814159292
47,2014,141,245,55,134,63,44,26,29,1354,596,48.0,0.4110738255033557,0.09228187919463088,0.22483221476510068,0.10570469798657718,0.0738255033557047,0.0436241610738255,0.04865771812080537
48,2014,142,259,49,106,68,52,22,17,1353,573,49.0,0.45200698080279234,0.08551483420593368,0.1849912739965096,0.11867364746945899,0.09075043630017451,0.038394415357766144,0.029668411867364748
49,2014,143,185,62,140,52,43,26,26,1115,534,50.0,0.3464419475655431,0.11610486891385768,0.26217228464419473,0.09737827715355805,0.08052434456928839,0.04868913857677903,0.04868913857677903
50,2014,144,179,47,114,53,18,19,18,1043,448,51.0,0.39955357142857145,0.10491071428571429,0.2544642857142857,0.11830357142857142,0.04017857142857143,0.04241071428571429,0.04017857142857143
51,2014,145,305,95,198,78,43,19,31,1532,769,52.0,0.3966189856957087,0.1235370611183355,0.2574772431729519,0.10143042912873862,0.055916775032509754,0.0247074122236671,0.04031209362808843
52,2014,146,194,56,138,43,28,26,15,1324,500,53.0,0.388,0.112,0.276,0.086,0.056,0.052,0.03
53,2014,147,258,60,197,56,49,16,21,1333,657,54.0,0.3926940639269406,0.091324200913242,0.2998477929984779,0.0852359208523592,0.0745814307458143,0.0243531202435312,0.0319634703196347
54,2014,148,256,71,149,47,43,22,25,1264,613,55.0,0.4176182707993475,0.11582381729200653,0.24306688417618272,0.0766721044045677,0.0701468189233279,0.03588907014681892,0.040783034257748776
55,2014,149,194,81,185,57,46,31,37,1232,631,56.0,0.3074484944532488,0.12836767036450078,0.2931854199683043,0.09033280507131537,0.07290015847860538,0.0491283676703645,0.058637083993660855
57,2014,150,362,118,244,75,50,17,43,1750,909,57.0,0.39823982398239827,0.12981298129812982,0.2684268426842684,0.08250825082508251,0.05500550055005501,0.0187018701870187,0.047304730473047306
58,2014,151,215,42,133,41,26,21,14,1039,492,58.0,0.4369918699186992,0.08536585365853659,0.2703252032520325,0.08333333333333333,0.052845528455284556,0.042682926829268296,0.028455284552845527
59,2014,152,215,95,125,36,50,19,25,1017,565,59.0,0.3805309734513274,0.168141592920354,0.22123893805309736,0.06371681415929203,0.08849557522123894,0.033628318584070796,0.04424778761061947
60,2014,153,326,87,236,77,22,30,29,1585,807,60.0,0.40396530359355637,0.10780669144981413,0.29244114002478316,0.09541511771995044,0.027261462205700124,0.03717472118959108,0.03593556381660471
61,2014,154,316,88,207,75,41,39,53,1495,819,61.0,0.38583638583638585,0.10744810744810745,0.25274725274725274,0.09157509157509157,0.050061050061050064,0.047619047619047616,0.06471306471306472
62,2014,155,366,105,220,136,55,45,42,2064,969,62.0,0.37770897832817335,0.10835913312693499,0.22703818369453044,0.14035087719298245,0.05675954592363261,0.04643962848297214,0.043343653250773995
63,2014,156,394,90,216,104,78,38,42,1966,962,63.0,0.4095634095634096,0.09355509355509356,0.22453222453222454,0.10810810810810811,0.08108108108108109,0.0395010395010395,0.04365904365904366
64,2014,157,190,37,129,44,59,17,28,1150,504,63.0,0.376984126984127,0.07341269841269842,0.25595238095238093,0.0873015873015873,0.11706349206349206,0.03373015873015873,0.05555555555555555
65,2014,158,219,40,136,53,22,22,34,1144,526,64.0,0.41634980988593157,0.07604562737642585,0.2585551330798479,0.10076045627376426,0.04182509505703422,0.04182509505703422,0.06463878326996197
66,2014,159,180,82,125,54,46,26,21,1078,534,66.0,0.33707865168539325,0.15355805243445692,0.2340823970037453,0.10112359550561797,0.08614232209737828,0.04868913857677903,0.03932584269662921
68,2014,160,197,46,120,31,20,12,22,1015,448,68.0,0.43973214285714285,0.10267857142857142,0.26785714285714285,0.06919642857142858,0.044642857142857144,0.026785714285714284,0.049107142857142856
69,2014,161,153,67,135,40,39,15,19,852,468,67.0,0.3269230769230769,0.14316239316239315,0.28846153846153844,0.08547008547008547,0.08333333333333333,0.03205128205128205,0.0405982905982906
70,2014,162,138,55,83,40,21,11,6,715,354,68.0,0.3898305084745763,0.1553672316384181,0.2344632768361582,0.11299435028248588,0.059322033898305086,0.031073446327683617,0.01694915254237288
71,2014,163,248,92,152,60,33,22,37,1426,644,69.0,0.38509316770186336,0.14285714285714285,0.2360248447204969,0.09316770186335403,0.05124223602484472,0.034161490683229816,0.05745341614906832
72,2014,164,322,85,289,97,23,38,31,1872,885,70.0,0.3638418079096045,0.096045197740113,0.32655367231638416,0.1096045197740113,0.02598870056497175,0.04293785310734463,0.03502824858757062
73,2014,165,315,125,214,103,41,53,54,1771,905,71.0,0.34806629834254144,0.13812154696132597,0.23646408839779007,0.1138121546961326,0.045303867403314914,0.05856353591160221,0.05966850828729282
74,2014,166,105,44,164,59,32,15,28,1233,447,72.0,0.2348993288590604,0.09843400447427293,0.3668903803131991,0.1319910514541387,0.07158836689038031,0.03355704697986577,0.06263982102908278
75,2014,167,185,66,158,55,18,23,32,952,537,73.0,0.34450651769087526,0.12290502793296089,0.2942271880819367,0.10242085661080075,0.0335195530726257,0.04283054003724395,0.0595903165735568
76,2014,168,123,41,129,30,16,11,25,749,375,74.0,0.328,0.10933333333333334,0.344,0.08,0.042666666666666665,0.029333333333333333,0.06666666666666667
77,2014,169,177,51,87,24,44,29,33,947,445,75.0,0.39775280898876403,0.1146067415730337,0.19550561797752808,0.05393258426966292,0.09887640449438202,0.0651685393258427,0.07415730337078652
79,2014,170,129,46,98,49,19,12,14,845,367,77.0,0.35149863760217986,0.12534059945504086,0.2670299727520436,0.1335149863760218,0.051771117166212535,0.0326975476839237,0.03814713896457766
80,2014,171,155,31,98,32,34,7,15,766,372,78.0,0.4166666666666667,0.08333333333333333,0.26344086021505375,0.08602150537634409,0.0913978494623656,0.01881720430107527,0.04032258064516129
81,2014,172,94,29,67,20,15,8,10,545,243,79.0,0.3868312757201646,0.11934156378600823,0.2757201646090535,0.0823045267489712,0.06172839506172839,0.03292181069958848,0.0411522633744856
82,2014,173,121,34,78,26,15,18,22,674,314,80.0,0.3853503184713376,0.10828025477707007,0.2484076433121019,0.08280254777070063,0.04777070063694268,0.05732484076433121,0.07006369426751592
83,2014,174,221,48,141,37,39,10,31,1048,527,81.0,0.41935483870967744,0.09108159392789374,0.2675521821631879,0.07020872865275142,0.07400379506641366,0.018975332068311195,0.058823529411764705
84,2014,175,331,103,252,98,55,36,66,1782,941,82.0,0.3517534537725824,0.10945802337938364,0.2678002125398512,0.10414452709883103,0.05844845908607864,0.03825717321997875,0.07013815090329437
85,2014,176,106,38,69,20,24,11,19,588,287,84.0,0.3693379790940767,0.13240418118466898,0.24041811846689895,0.06968641114982578,0.08362369337979095,0.03832752613240418,0.06620209059233449
86,2014,177,291,104,179,81,36,49,30,1465,770,85.0,0.37792207792207794,0.13506493506493505,0.23246753246753246,0.10519480519480519,0.046753246753246755,0.06363636363636363,0.03896103896103896
87,2014,178,338,119,238,85,48,30,48,1666,906,86.0,0.3730684326710817,0.13134657836644592,0.26269315673289184,0.09381898454746136,0.052980132450331126,0.033112582781456956,0.052980132450331126
88,2014,179,217,87,152,68,32,43,43,1466,642,87.0,0.338006230529595,0.13551401869158877,0.2367601246105919,0.1059190031152648,0.04984423676012461,0.06697819314641744,0.06697819314641744
90,2014,180,122,55,78,50,44,13,21,950,383,88.0,0.3185378590078329,0.14360313315926893,0.20365535248041775,0.13054830287206268,0.11488250652741515,0.033942558746736295,0.05483028720626632
91,2014,181,189,115,98,103,64,40,46,1516,655,89.0,0.2885496183206107,0.17557251908396945,0.14961832061068703,0.15725190839694655,0.09770992366412214,0.061068702290076333,0.07022900763358779
92,2014,182,193,75,105,105,51,23,39,1299,591,90.0,0.32656514382402707,0.12690355329949238,0.17766497461928935,0.17766497461928935,0.08629441624365482,0.038917089678511,0.06598984771573604
93,2014,183,157,65,96,62,49,17,39,1284,485,91.0,0.3237113402061856,0.13402061855670103,0.1979381443298969,0.12783505154639174,0.10103092783505155,0.03505154639175258,0.08041237113402062
94,2014,184,151,35,118,42,36,29,20,1206,431,83.0,0.3503480278422274,0.08120649651972157,0.2737819025522042,0.09744779582366589,0.08352668213457076,0.06728538283062645,0.04640371229698376
95,2014,185,294,78,151,87,63,36,46,1851,755,92.0,0.3894039735099338,0.10331125827814569,0.2,0.1152317880794702,0.08344370860927153,0.04768211920529802,0.060927152317880796
96,2014,186,213,65,134,77,29,19,33,1219,570,93.0,0.3736842105263158,0.11403508771929824,0.23508771929824562,0.13508771929824562,0.05087719298245614,0.03333333333333333,0.05789473684210526
97,2014,187,252,57,147,66,25,29,42,1641,618,94.0,0.4077669902912621,0.09223300970873786,0.23786407766990292,0.10679611650485436,0.040453074433656956,0.04692556634304207,0.06796116504854369
98,2014,188,239,56,160,67,39,38,28,1513,627,95.0,0.38118022328548645,0.08931419457735247,0.2551834130781499,0.10685805422647528,0.06220095693779904,0.06060606060606061,0.044657097288676235
99,2014,189,174,60,109,53,18,26,23,1186,463,96.0,0.3758099352051836,0.12958963282937366,0.23542116630669546,0.11447084233261338,0.038876889848812095,0.056155507559395246,0.04967602591792657
101,2014,190,107,33,90,53,23,16,9,1073,331,97.0,0.32326283987915405,0.09969788519637462,0.2719033232628399,0.16012084592145015,0.06948640483383686,0.04833836858006042,0.027190332326283987
102,2014,191,277,60,197,103,25,36,48,1959,746,98.0,0.37131367292225204,0.08042895442359249,0.2640750670241287,0.1380697050938338,0.03351206434316354,0.04825737265415549,0.064343163538874
103,2014,192,201,42,129,62,13,23,18,1359,488,98.0,0.41188524590163933,0.0860655737704918,0.26434426229508196,0.12704918032786885,0.02663934426229508,0.0471311475409836,0.036885245901639344
104,2014,193,297,77,283,126,33,50,37,2026,903,99.0,0.3289036544850498,0.08527131782945736,0.3133997785160576,0.13953488372093023,0.036544850498338874,0.05537098560354374,0.04097452934662237
105,2014,194,112,45,223,77,18,31,22,1223,528,100.0,0.21212121212121213,0.08522727272727272,0.42234848484848486,0.14583333333333334,0.03409090909090909,0.058712121212121215,0.041666666666666664
106,2014,195,107,36,131,61,16,21,36,1022,408,101.0,0.2622549019607843,0.08823529411764706,0.32107843137254904,0.14950980392156862,0.0392156862745098,0.051470588235294115,0.08823529411764706
107,2014,196,219,71,188,86,29,17,32,1506,642,101.0,0.3411214953271028,0.11059190031152648,0.29283489096573206,0.13395638629283488,0.045171339563862926,0.0264797507788162,0.04984423676012461
108,2014,197,149,34,118,55,37,25,26,1015,444,102.0,0.3355855855855856,0.07657657657657657,0.26576576576576577,0.12387387387387387,0.08333333333333333,0.05630630630630631,0.05855855855855856
109,2014,198,150,62,110,55,44,26,21,917,468,103.0,0.32051282051282054,0.13247863247863248,0.23504273504273504,0.11752136752136752,0.09401709401709402,0.05555555555555555,0.04487179487179487
110,2014,199,151,41,90,38,32,16,12,1023,380,104.0,0.3973684210526316,0.10789473684210527,0.23684210526315788,0.1,0.08421052631578947,0.042105263157894736,0.031578947368421054
113,2014,200,326,84,184,72,51,35,48,1624,800,107.0,0.4075,0.105,0.23,0.09,0.06375,0.04375,0.06
114,2014,201,304,59,155,93,44,29,55,1742,739,108.0,0.41136671177266576,0.07983761840324763,0.20974289580514208,0.12584573748308525,0.05953991880920163,0.03924221921515562,0.07442489851150202
115,2014,202,311,66,217,72,48,29,62,1713,805,109.0,0.38633540372670805,0.08198757763975155,0.26956521739130435,0.08944099378881988,0.05962732919254658,0.03602484472049689,0.07701863354037267
116,2014,203,158,53,106,48,22,21,28,997,436,110.0,0.3623853211009174,0.12155963302752294,0.24311926605504589,0.11009174311926606,0.05045871559633028,0.0481651376146789,0.06422018348623854
117,2014,204,180,38,91,39,14,16,15,1217,393,111.0,0.4580152671755725,0.09669211195928754,0.23155216284987276,0.09923664122137404,0.035623409669211195,0.04071246819338423,0.03816793893129771
118,2014,205,337,92,227,107,58,52,59,2142,932,112.0,0.361587982832618,0.09871244635193133,0.24356223175965666,0.1148068669527897,0.06223175965665236,0.055793991416309016,0.06330472103004292
119,2014,206,197,60,108,80,32,17,20,1170,514,113.0,0.3832684824902724,0.11673151750972763,0.21011673151750973,0.1556420233463035,0.0622568093385214,0.033073929961089495,0.038910505836575876
120,2014,207,190,52,138,64,22,31,20,1302,517,114.0,0.36750483558994196,0.10058027079303675,0.26692456479690524,0.12379110251450677,0.0425531914893617,0.059961315280464215,0.03868471953578337
121,2014,208,246,64,162,41,29,17,25,1359,584,115.0,0.4212328767123288,0.1095890410958904,0.2773972602739726,0.0702054794520548,0.04965753424657534,0.02910958904109589,0.04280821917808219
122,2014,209,271,60,232,62,23,26,27,1558,701,115.0,0.38659058487874465,0.08559201141226819,0.3309557774607703,0.0884450784593438,0.03281027104136947,0.037089871611982884,0.03851640513552068
124,2014,210,269,72,198,64,26,18,28,1430,675,116.0,0.3985185185185185,0.10666666666666667,0.29333333333333333,0.09481481481481481,0.03851851851851852,0.02666666666666667,0.04148148148148148
125,2014,211,160,55,126,36,28,8,18,970,431,117.0,0.37122969837587005,0.12761020881670534,0.2923433874709977,0.08352668213457076,0.06496519721577726,0.018561484918793503,0.04176334106728538
126,2014,212,222,58,174,59,42,19,28,1193,602,118.0,0.3687707641196013,0.09634551495016612,0.28903654485049834,0.09800664451827243,0.06976744186046512,0.03156146179401993,0.046511627906976744
127,2014,213,224,79,147,89,70,30,38,1511,677,119.0,0.3308714918759232,0.11669128508124077,0.2171344165435746,0.13146233382570163,0.103397341211226,0.04431314623338257,0.056129985228951254
128,2014,214,241,73,110,100,42,20,35,1379,621,120.0,0.38808373590982287,0.11755233494363929,0.17713365539452497,0.1610305958132045,0.06763285024154589,0.0322061191626409,0.05636070853462158
129,2014,215,100,46,30,27,17,10,23,538,253,121.0,0.3952569169960474,0.18181818181818182,0.11857707509881422,0.1067193675889328,0.06719367588932806,0.039525691699604744,0.09090909090909091
130,2014,216,185,44,140,73,24,10,18,1349,494,122.0,0.37449392712550605,0.08906882591093117,0.2834008097165992,0.14777327935222673,0.048582995951417005,0.020242914979757085,0.03643724696356275
131,2014,217,93,41,66,48,11,14,22,709,295,123.0,0.3152542372881356,0.13898305084745763,0.22372881355932203,0.16271186440677965,0.03728813559322034,0.04745762711864407,0.07457627118644068
132,2014,218,220,46,106,66,25,29,20,1308,512,124.0,0.4296875,0.08984375,0.20703125,0.12890625,0.048828125,0.056640625,0.0390625
133,2014,219,251,33,211,45,30,41,41,1224,652,125.0,0.38496932515337423,0.05061349693251534,0.3236196319018405,0.06901840490797546,0.046012269938650305,0.06288343558282208,0.06288343558282208
135,2014,220,239,58,168,42,16,20,28,1323,571,127.0,0.4185639229422067,0.10157618213660245,0.29422066549912435,0.07355516637478109,0.028021015761821366,0.03502626970227671,0.04903677758318739
136,2014,221,225,59,145,57,31,41,31,1282,589,129.0,0.38200339558573854,0.100169779286927,0.2461799660441426,0.0967741935483871,0.05263157894736842,0.06960950764006792,0.05263157894736842
137,2014,222,274,33,168,74,39,34,27,1516,649,130.0,0.4221879815100154,0.05084745762711865,0.2588597842835131,0.1140215716486903,0.060092449922958396,0.05238828967642527,0.04160246533127889
138,2014,223,142,27,95,38,21,10,17,676,350,131.0,0.4057142857142857,0.07714285714285714,0.2714285714285714,0.10857142857142857,0.06,0.02857142857142857,0.04857142857142857
139,2014,224,64,25,85,60,15,16,15,712,280,132.0,0.22857142857142856,0.08928571428571429,0.30357142857142855,0.21428571428571427,0.05357142857142857,0.05714285714285714,0.05357142857142857
140,2014,225,113,46,107,58,27,20,17,815,388,133.0,0.2912371134020619,0.11855670103092783,0.2757731958762887,0.14948453608247422,0.06958762886597938,0.05154639175257732,0.04381443298969072
141,2014,226,34,17,58,25,6,6,20,629,166,134.0,0.20481927710843373,0.10240963855421686,0.3493975903614458,0.15060240963855423,0.03614457831325301,0.03614457831325301,0.12048192771084337
142,2014,227,176,44,203,69,15,20,21,1319,548,128.0,0.32116788321167883,0.08029197080291971,0.3704379562043796,0.1259124087591241,0.02737226277372263,0.0364963503649635,0.03832116788321168
143,2014,228,152,45,131,61,13,18,21,1139,441,136.0,0.34467120181405897,0.10204081632653061,0.29705215419501135,0.1383219954648526,0.02947845804988662,0.04081632653061224,0.047619047619047616
144,2014,229,248,49,230,60,26,43,28,1664,684,137.0,0.36257309941520466,0.07163742690058479,0.3362573099415205,0.08771929824561403,0.038011695906432746,0.06286549707602339,0.04093567251461988
146,2014,230,340,102,208,94,37,51,42,1971,874,138.0,0.3890160183066362,0.11670480549199085,0.2379862700228833,0.10755148741418764,0.04233409610983982,0.05835240274599542,0.04805491990846682
147,2014,231,379,93,231,89,24,40,31,1747,887,139.0,0.42728297632469,0.10484780157835401,0.26042841037204056,0.10033821871476889,0.02705749718151071,0.04509582863585118,0.03494926719278467
148,2014,232,231,57,118,81,28,28,33,1586,576,140.0,0.4010416666666667,0.09895833333333333,0.2048611111111111,0.140625,0.04861111111111111,0.04861111111111111,0.057291666666666664
149,2014,233,264,66,163,50,21,23,39,1299,626,141.0,0.4217252396166134,0.10543130990415335,0.26038338658146964,0.07987220447284345,0.03354632587859425,0.036741214057507986,0.06230031948881789
150,2014,234,149,77,94,65,39,24,41,1085,489,142.0,0.3047034764826176,0.1574642126789366,0.19222903885480572,0.1329243353783231,0.07975460122699386,0.049079754601226995,0.08384458077709611
151,2014,235,203,58,171,64,24,26,52,1210,598,143.0,0.3394648829431438,0.09698996655518395,0.28595317725752506,0.10702341137123746,0.04013377926421405,0.043478260869565216,0.08695652173913043
152,2014,236,245,82,158,114,34,44,51,1613,728,144.0,0.33653846153846156,0.11263736263736264,0.21703296703296704,0.1565934065934066,0.046703296703296704,0.06043956043956044,0.07005494505494506
153,2014,237,217,62,123,43,9,18,16,1232,488,145.0,0.444672131147541,0.12704918032786885,0.2520491803278688,0.08811475409836066,0.018442622950819672,0.036885245901639344,0.03278688524590164
154,2014,238,113,39,104,42,22,15,15,1089,350,146.0,0.32285714285714284,0.11142857142857143,0.29714285714285715,0.12,0.06285714285714286,0.04285714285714286,0.04285714285714286
155,2014,239,354,65,231,73,31,51,27,1966,832,147.0,0.4254807692307692,0.078125,0.2776442307692308,0.08774038461538461,0.037259615384615384,0.06129807692307692,0.03245192307692308
157,2014,240,144,29,136,46,26,15,15,975,411,149.0,0.35036496350364965,0.0705596107055961,0.3309002433090024,0.11192214111922141,0.06326034063260341,0.0364963503649635,0.0364963503649635
158,2014,241,296,70,209,56,26,18,33,1595,708,149.0,0.4180790960451977,0.09887005649717515,0.2951977401129944,0.07909604519774012,0.03672316384180791,0.025423728813559324,0.046610169491525424
159,2014,242,262,73,193,83,34,48,33,1637,726,150.0,0.3608815426997245,0.10055096418732783,0.26584022038567495,0.11432506887052342,0.046831955922865015,0.06611570247933884,0.045454545454545456
160,2014,243,197,54,214,54,14,35,15,1265,583,151.0,0.3379073756432247,0.09262435677530018,0.3670668953687822,0.09262435677530018,0.024013722126929673,0.060034305317324184,0.025728987993138937
161,2014,244,193,46,146,69,24,29,19,1334,526,152.0,0.3669201520912547,0.08745247148288973,0.27756653992395436,0.1311787072243346,0.045627376425855515,0.055133079847908745,0.03612167300380228
162,2014,245,208,68,197,76,33,34,33,1428,649,153.0,0.3204930662557781,0.10477657935285054,0.3035439137134052,0.11710323574730354,0.05084745762711865,0.05238828967642527,0.05084745762711865
163,2014,246,191,25,88,51,15,9,12,903,391,154.0,0.4884910485933504,0.0639386189258312,0.22506393861892582,0.13043478260869565,0.03836317135549872,0.023017902813299233,0.030690537084398978
164,2014,247,141,50,134,47,11,17,22,971,422,155.0,0.3341232227488152,0.11848341232227488,0.3175355450236967,0.11137440758293839,0.026066350710900472,0.04028436018957346,0.052132701421800945
165,2014,248,271,41,143,90,18,32,17,1720,612,156.0,0.44281045751633985,0.06699346405228758,0.23366013071895425,0.14705882352941177,0.029411764705882353,0.05228758169934641,0.027777777777777776
166,2014,249,238,42,114,86,26,46,28,1529,580,157.0,0.4103448275862069,0.07241379310344828,0.19655172413793104,0.1482758620689655,0.04482758620689655,0.07931034482758621,0.04827586206896552
168,2014,250,171,42,90,48,20,24,17,1006,412,159.0,0.41504854368932037,0.10194174757281553,0.21844660194174756,0.11650485436893204,0.04854368932038835,0.05825242718446602,0.0412621359223301
169,2014,251,301,71,192,67,34,16,28,1928,709,164.0,0.4245416078984485,0.1001410437235543,0.27080394922425954,0.09449929478138223,0.047954866008462625,0.022566995768688293,0.039492242595204514
170,2014,252,146,32,102,25,15,10,7,1046,337,163.0,0.4332344213649852,0.09495548961424333,0.3026706231454006,0.07418397626112759,0.04451038575667656,0.02967359050445104,0.020771513353115726
171,2014,253,283,68,221,76,34,29,20,2001,731,162.0,0.387140902872777,0.09302325581395349,0.3023255813953488,0.1039671682626539,0.046511627906976744,0.03967168262653899,0.027359781121751026
172,2014,254,261,74,158,61,19,32,31,1577,636,160.0,0.41037735849056606,0.11635220125786164,0.24842767295597484,0.0959119496855346,0.029874213836477988,0.050314465408805034,0.04874213836477988
173,2014,255,142,43,89,66,19,16,12,1090,387,161.0,0.3669250645994832,0.1111111111111111,0.22997416020671835,0.17054263565891473,0.04909560723514212,0.041343669250646,0.031007751937984496
174,2014,256,194,57,137,61,27,20,16,1184,512,165.0,0.37890625,0.111328125,0.267578125,0.119140625,0.052734375,0.0390625,0.03125
175,2014,257,334,68,202,81,54,46,28,2000,813,166.0,0.4108241082410824,0.08364083640836409,0.24846248462484624,0.0996309963099631,0.06642066420664207,0.056580565805658053,0.03444034440344403
176,2014,258,260,34,133,53,26,25,31,1527,562,167.0,0.4626334519572954,0.060498220640569395,0.23665480427046262,0.09430604982206406,0.046263345195729534,0.04448398576512456,0.05516014234875445
177,2014,259,183,72,110,57,27,27,29,1113,505,168.0,0.36237623762376237,0.14257425742574256,0.21782178217821782,0.11287128712871287,0.053465346534653464,0.053465346534653464,0.05742574257425743
179,2014,260,202,33,118,74,22,27,17,1101,493,169.0,0.40973630831643004,0.06693711967545639,0.23935091277890466,0.15010141987829614,0.04462474645030426,0.05476673427991886,0.034482758620689655
180,2014,261,166,39,105,36,21,15,20,1050,402,170.0,0.4129353233830846,0.09701492537313433,0.26119402985074625,0.08955223880597014,0.05223880597014925,0.03731343283582089,0.04975124378109453
181,2014,262,333,70,233,80,25,33,41,2006,815,170.0,0.4085889570552147,0.08588957055214724,0.28588957055214725,0.09815950920245399,0.03067484662576687,0.04049079754601227,0.05030674846625767
182,2014,263,307,62,189,73,34,42,17,2040,724,170.0,0.4240331491712707,0.0856353591160221,0.2610497237569061,0.10082872928176796,0.04696132596685083,0.058011049723756904,0.023480662983425413
183,2014,264,316,61,168,86,44,39,33,1781,747,171.0,0.42302543507362783,0.08165997322623829,0.2248995983935743,0.11512717536813923,0.058902275769745646,0.05220883534136546,0.04417670682730924
184,2014,265,251,41,128,56,21,14,17,1390,528,172.0,0.4753787878787879,0.07765151515151515,0.24242424242424243,0.10606060606060606,0.03977272727272727,0.026515151515151516,0.032196969696969696
185,2014,266,312,65,172,82,30,28,18,1716,707,173.0,0.44130127298444133,0.09193776520509193,0.24328147100424327,0.11598302687411598,0.042432814710042434,0.039603960396039604,0.02545968882602546
186,2014,267,207,52,98,36,15,21,16,1159,445,173.0,0.4651685393258427,0.11685393258426967,0.2202247191011236,0.08089887640449438,0.033707865168539325,0.04719101123595506,0.035955056179775284
187,2014,268,173,39,122,50,28,16,29,1102,457,174.0,0.3785557986870897,0.08533916849015317,0.26695842450765866,0.10940919037199125,0.061269146608315096,0.0350109409190372,0.06345733041575492
188,2014,269,92,25,78,34,16,21,8,1085,274,175.0,0.3357664233576642,0.09124087591240876,0.2846715328467153,0.12408759124087591,0.058394160583941604,0.07664233576642336,0.029197080291970802
190,2014,270,164,59,105,84,24,25,11,1452,472,176.0,0.3474576271186441,0.125,0.22245762711864406,0.17796610169491525,0.05084745762711865,0.05296610169491525,0.023305084745762712
191,2014,271,256,70,277,125,28,33,25,1855,814,177.0,0.3144963144963145,0.085995085995086,0.3402948402948403,0.15356265356265356,0.0343980343980344,0.04054054054054054,0.030712530712530713
192,2014,272,228,70,197,61,29,39,46,1444,670,178.0,0.3402985074626866,0.1044776119402985,0.29402985074626864,0.09104477611940298,0.04328358208955224,0.058208955223880594,0.06865671641791045
193,2014,273,269,44,240,65,28,37,24,1495,707,179.0,0.38048090523338046,0.06223479490806223,0.33946251768033947,0.09193776520509193,0.039603960396039604,0.05233380480905234,0.033946251768033946
194,2014,274,199,74,203,64,20,39,35,1400,634,179.0,0.3138801261829653,0.1167192429022082,0.32018927444794953,0.10094637223974763,0.031545741324921134,0.061514195583596214,0.055205047318611984
195,2014,275,223,68,144,50,20,19,14,1427,538,180.0,0.4144981412639405,0.12639405204460966,0.26765799256505574,0.09293680297397769,0.03717472118959108,0.03531598513011153,0.026022304832713755
196,2014,276,311,41,145,59,33,19,18,1465,626,181.0,0.4968051118210863,0.06549520766773163,0.23162939297124602,0.09424920127795527,0.052715654952076675,0.03035143769968051,0.02875399361022364
197,2014,277,186,32,110,60,11,19,22,1115,440,181.0,0.42272727272727273,0.07272727272727272,0.25,0.13636363636363635,0.025,0.04318181818181818,0.05
198,2014,278,328,68,215,93,27,46,30,2063,807,182.0,0.40644361833952913,0.08426270136307311,0.2664188351920694,0.11524163568773234,0.03345724907063197,0.057001239157372985,0.03717472118959108
199,2014,279,163,50,128,52,21,31,16,1082,461,183.0,0.35357917570498915,0.10845986984815618,0.27765726681127983,0.11279826464208242,0.0455531453362256,0.06724511930585683,0.03470715835140998
201,2014,280,180,42,115,55,16,20,15,1012,443,185.0,0.40632054176072235,0.09480812641083522,0.2595936794582393,0.12415349887133183,0.03611738148984198,0.045146726862302484,0.033860045146726865
202,2014,281,158,33,101,47,9,16,22,922,386,186.0,0.40932642487046633,0.08549222797927461,0.2616580310880829,0.12176165803108809,0.023316062176165803,0.04145077720207254,0.05699481865284974
203,2014,282,299,58,216,87,32,37,39,1916,768,187.0,0.3893229166666667,0.07552083333333333,0.28125,0.11328125,0.041666666666666664,0.048177083333333336,0.05078125
204,2014,283,189,46,110,29,15,15,7,966,411,188.0,0.45985401459854014,0.11192214111922141,0.26763990267639903,0.0705596107055961,0.0364963503649635,0.0364963503649635,0.0170316301703163
205,2014,284,237,31,113,47,16,18,20,1151,482,189.0,0.491701244813278,0.06431535269709543,0.23443983402489627,0.0975103734439834,0.03319502074688797,0.03734439834024896,0.04149377593360996
206,2014,285,175,33,79,25,16,19,15,969,362,189.0,0.48342541436464087,0.09116022099447514,0.21823204419889503,0.06906077348066299,0.04419889502762431,0.052486187845303865,0.04143646408839779
207,2014,286,334,63,247,83,28,39,30,2052,824,190.0,0.4053398058252427,0.07645631067961164,0.29975728155339804,0.10072815533980582,0.03398058252427184,0.04733009708737864,0.03640776699029126
208,2014,287,280,51,173,65,20,32,25,1768,646,191.0,0.43343653250773995,0.07894736842105263,0.2678018575851393,0.10061919504643962,0.030959752321981424,0.04953560371517028,0.03869969040247678
209,2014,288,188,41,137,44,12,12,13,1136,447,192.0,0.42058165548098436,0.09172259507829977,0.30648769574944074,0.09843400447427293,0.026845637583892617,0.026845637583892617,0.029082774049217
210,2014,289,232,38,166,61,26,11,37,1783,571,193.0,0.4063047285464098,0.06654991243432574,0.29071803852889666,0.10683012259194395,0.04553415061295972,0.01926444833625219,0.0647985989492119
212,2014,290,188,40,130,37,17,12,17,1050,441,195.0,0.42630385487528344,0.09070294784580499,0.2947845804988662,0.08390022675736962,0.03854875283446712,0.027210884353741496,0.03854875283446712
213,2014,291,211,32,175,69,14,18,23,1265,542,196.0,0.3892988929889299,0.05904059040590406,0.32287822878228783,0.12730627306273062,0.025830258302583026,0.033210332103321034,0.042435424354243544
214,2014,292,222,37,141,67,20,15,27,1263,529,197.0,0.41965973534971646,0.06994328922495274,0.2665406427221172,0.1266540642722117,0.03780718336483932,0.02835538752362949,0.05103969754253308
215,2014,293,160,38,115,36,19,19,18,883,405,197.0,0.3950617283950617,0.09382716049382717,0.2839506172839506,0.08888888888888889,0.04691358024691358,0.04691358024691358,0.044444444444444446
216,2014,294,242,49,208,95,22,45,22,1941,683,198.0,0.35431918008784774,0.07174231332357248,0.30453879941434847,0.1390922401171303,0.032210834553440704,0.06588579795021962,0.032210834553440704
217,2014,295,321,68,180,81,31,33,36,1816,750,199.0,0.428,0.09066666666666667,0.24,0.108,0.04133333333333333,0.044,0.048
218,2014,296,187,57,165,51,23,27,16,1190,526,199.0,0.35551330798479086,0.10836501901140684,0.31368821292775667,0.09695817490494296,0.043726235741444866,0.051330798479087454,0.030418250950570342
219,2014,297,127,26,86,32,13,19,13,741,316,200.0,0.40189873417721517,0.08227848101265822,0.2721518987341772,0.10126582278481013,0.04113924050632911,0.060126582278481014,0.04113924050632911
220,2014,298,110,31,63,42,4,7,6,579,263,201.0,0.41825095057034223,0.11787072243346007,0.23954372623574144,0.1596958174904943,0.015209125475285171,0.026615969581749048,0.022813688212927757
221,2014,299,343,83,236,92,30,35,29,1732,848,202.0,0.4044811320754717,0.09787735849056604,0.2783018867924528,0.10849056603773585,0.03537735849056604,0.041273584905660375,0.03419811320754717
224,2014,300,249,38,144,49,18,27,24,1434,549,205.0,0.453551912568306,0.0692167577413479,0.26229508196721313,0.08925318761384335,0.03278688524590164,0.04918032786885246,0.04371584699453552
225,2014,301,252,50,154,52,22,30,22,1689,582,206.0,0.4329896907216495,0.0859106529209622,0.2646048109965636,0.08934707903780069,0.037800687285223365,0.05154639175257732,0.037800687285223365
226,2014,302,192,39,118,44,19,20,14,1312,446,207.0,0.4304932735426009,0.08744394618834081,0.2645739910313901,0.09865470852017937,0.042600896860986545,0.04484304932735426,0.03139013452914798
227,2014,303,161,27,105,32,10,12,15,1350,362,207.0,0.4447513812154696,0.07458563535911603,0.2900552486187845,0.08839779005524862,0.027624309392265192,0.03314917127071823,0.04143646408839779
228,2014,304,236,43,117,63,11,10,13,1367,493,208.0,0.4787018255578093,0.0872210953346856,0.23732251521298176,0.12778904665314403,0.02231237322515213,0.02028397565922921,0.02636916835699797
229,2014,305,380,49,196,72,33,28,22,1866,780,209.0,0.48717948717948717,0.06282051282051282,0.2512820512820513,0.09230769230769231,0.04230769230769231,0.035897435897435895,0.028205128205128206
230,2014,306,199,34,139,51,9,11,9,1217,452,210.0,0.44026548672566373,0.0752212389380531,0.3075221238938053,0.11283185840707964,0.01991150442477876,0.024336283185840708,0.01991150442477876
231,2014,307,161,32,101,47,25,17,20,1032,403,211.0,0.39950372208436724,0.0794044665012407,0.2506203473945409,0.11662531017369727,0.062034739454094295,0.04218362282878412,0.04962779156327544
232,2014,308,244,33,98,59,39,38,31,1321,542,211.0,0.45018450184501846,0.06088560885608856,0.18081180811808117,0.1088560885608856,0.07195571955719557,0.07011070110701106,0.05719557195571956
233,2014,309,240,47,143,71,37,32,16,1578,586,169.0,0.40955631399317405,0.08020477815699659,0.2440273037542662,0.12116040955631399,0.06313993174061433,0.05460750853242321,0.027303754266211604
235,2014,310,182,60,129,65,28,33,25,1183,522,169.0,0.3486590038314176,0.11494252873563218,0.2471264367816092,0.12452107279693486,0.05363984674329502,0.06321839080459771,0.04789272030651341
236,2014,311,194,54,103,85,38,22,18,1164,514,213.0,0.377431906614786,0.10505836575875487,0.20038910505836577,0.16536964980544747,0.07392996108949416,0.042801556420233464,0.03501945525291829
237,2014,312,385,45,178,108,41,69,23,1949,849,213.0,0.4534746760895171,0.053003533568904596,0.20965842167255594,0.127208480565371,0.048292108362779744,0.0812720848056537,0.027090694935217905
238,2014,313,224,29,87,26,18,22,13,955,419,214.0,0.5346062052505967,0.06921241050119331,0.20763723150357996,0.06205250596658711,0.04295942720763723,0.05250596658711217,0.031026252983293555
239,2014,314,198,43,97,57,33,34,12,1217,474,215.0,0.4177215189873418,0.09071729957805907,0.20464135021097046,0.12025316455696203,0.06962025316455696,0.07172995780590717,0.02531645569620253
240,2014,315,167,34,139,63,5,25,15,1147,448,216.0,0.37276785714285715,0.07589285714285714,0.31026785714285715,0.140625,0.011160714285714286,0.05580357142857143,0.033482142857142856
241,2014,316,127,20,130,34,6,24,3,1110,344,217.0,0.3691860465116279,0.05813953488372093,0.37790697674418605,0.09883720930232558,0.01744186046511628,0.06976744186046512,0.00872093023255814
242,2014,317,131,28,107,50,25,13,15,886,369,218.0,0.35501355013550134,0.07588075880758807,0.2899728997289973,0.13550135501355012,0.06775067750677506,0.03523035230352303,0.04065040650406504
243,2014,318,217,26,124,57,34,18,29,1139,505,219.0,0.4297029702970297,0.05148514851485148,0.24554455445544554,0.11287128712871287,0.06732673267326733,0.03564356435643564,0.05742574257425743
244,2014,319,79,28,54,27,15,3,8,584,214,220.0,0.3691588785046729,0.1308411214953271,0.2523364485981308,0.1261682242990654,0.07009345794392523,0.014018691588785047,0.037383177570093455
246,2014,320,119,29,106,42,38,18,12,863,364,222.0,0.3269230769230769,0.07967032967032966,0.29120879120879123,0.11538461538461539,0.1043956043956044,0.04945054945054945,0.03296703296703297
247,2014,321,126,27,87,48,26,20,25,913,359,223.0,0.35097493036211697,0.07520891364902507,0.24233983286908078,0.13370473537604458,0.07242339832869081,0.055710306406685235,0.06963788300835655
248,2014,322,70,14,70,35,14,20,12,496,235,224.0,0.2978723404255319,0.059574468085106386,0.2978723404255319,0.14893617021276595,0.059574468085106386,0.0851063829787234,0.05106382978723404
249,2014,323,90,18,49,17,21,18,13,612,226,225.0,0.39823008849557523,0.07964601769911504,0.2168141592920354,0.0752212389380531,0.09292035398230089,0.07964601769911504,0.05752212389380531
250,2014,324,170,40,119,59,39,13,22,1201,462,226.0,0.36796536796536794,0.08658008658008658,0.25757575757575757,0.1277056277056277,0.08441558441558442,0.02813852813852814,0.047619047619047616
251,2014,325,126,27,68,30,34,15,8,734,308,227.0,0.4090909090909091,0.08766233766233766,0.22077922077922077,0.09740259740259741,0.11038961038961038,0.048701298701298704,0.025974025974025976
252,2014,326,73,24,61,29,14,12,16,719,229,228.0,0.31877729257641924,0.10480349344978165,0.2663755458515284,0.12663755458515283,0.0611353711790393,0.05240174672489083,0.06986899563318777
253,2014,327,158,30,109,39,35,11,29,1050,411,229.0,0.3844282238442822,0.072992700729927,0.26520681265206814,0.0948905109489051,0.0851581508515815,0.0267639902676399,0.0705596107055961
254,2014,328,175,44,110,45,44,21,28,1307,467,230.0,0.3747323340471092,0.09421841541755889,0.23554603854389722,0.09635974304068523,0.09421841541755889,0.044967880085653104,0.059957173447537475
255,2014,329,338,90,223,117,55,37,37,2026,897,230.0,0.37681159420289856,0.10033444816053512,0.24860646599777034,0.13043478260869565,0.06131549609810479,0.04124860646599777,0.04124860646599777
257,2014,330,219,50,143,60,15,14,30,1413,531,232.0,0.4124293785310734,0.09416195856873823,0.2693032015065913,0.11299435028248588,0.02824858757062147,0.026365348399246705,0.05649717514124294
258,2014,331,125,32,63,39,41,16,18,719,334,233.0,0.37425149700598803,0.09580838323353294,0.18862275449101795,0.11676646706586827,0.12275449101796407,0.04790419161676647,0.05389221556886228
259,2014,332,152,32,143,42,24,35,27,1183,455,236.0,0.33406593406593404,0.07032967032967033,0.3142857142857143,0.09230769230769231,0.05274725274725275,0.07692307692307693,0.05934065934065934
260,2014,333,264,66,137,101,29,28,53,1725,678,234.0,0.3893805309734513,0.09734513274336283,0.20206489675516223,0.14896755162241887,0.04277286135693215,0.04129793510324484,0.07817109144542773
261,2014,334,197,40,108,72,15,20,16,1077,468,235.0,0.42094017094017094,0.08547008547008547,0.23076923076923078,0.15384615384615385,0.03205128205128205,0.042735042735042736,0.03418803418803419
262,2014,335,260,33,84,43,18,10,12,1260,460,236.0,0.5652173913043478,0.07173913043478261,0.1826086956521739,0.09347826086956522,0.0391304347826087,0.021739130434782608,0.02608695652173913
263,2014,336,211,47,127,71,24,29,14,1596,523,237.0,0.40344168260038243,0.08986615678776291,0.24282982791587,0.13575525812619502,0.045889101338432124,0.055449330783938815,0.02676864244741874
264,2014,337,376,78,285,76,46,43,24,2038,928,238.0,0.4051724137931034,0.08405172413793104,0.30711206896551724,0.08189655172413793,0.04956896551724138,0.04633620689655173,0.02586206896551724
265,2014,338,194,48,93,56,41,18,26,1104,476,239.0,0.40756302521008403,0.10084033613445378,0.1953781512605042,0.11764705882352941,0.0861344537815126,0.037815126050420166,0.0546218487394958
266,2014,339,234,21,111,78,18,12,12,1284,486,240.0,0.48148148148148145,0.043209876543209874,0.22839506172839505,0.16049382716049382,0.037037037037037035,0.024691358024691357,0.024691358024691357
268,2014,340,395,101,286,108,39,37,49,2174,1015,241.0,0.3891625615763547,0.09950738916256158,0.2817733990147783,0.10640394088669951,0.03842364532019704,0.03645320197044335,0.04827586206896552
269,2014,341,179,39,128,62,13,18,29,1078,468,241.0,0.38247863247863245,0.08333333333333333,0.27350427350427353,0.13247863247863248,0.027777777777777776,0.038461538461538464,0.06196581196581197
270,2014,342,216,59,162,59,22,21,21,1250,560,242.0,0.38571428571428573,0.10535714285714286,0.2892857142857143,0.10535714285714286,0.039285714285714285,0.0375,0.0375
271,2014,343,238,48,164,54,22,7,18,1184,551,243.0,0.4319419237749546,0.08711433756805807,0.29764065335753176,0.09800362976406533,0.039927404718693285,0.012704174228675136,0.032667876588021776
272,2014,344,166,39,148,42,19,13,16,1065,443,244.0,0.3747178329571106,0.08803611738148984,0.3340857787810384,0.09480812641083522,0.04288939051918736,0.029345372460496615,0.03611738148984198
273,2014,345,174,52,119,64,18,12,20,1047,459,245.0,0.3790849673202614,0.11328976034858387,0.25925925925925924,0.1394335511982571,0.0392156862745098,0.026143790849673203,0.04357298474945534
274,2014,346,197,45,119,91,25,12,19,1174,508,246.0,0.38779527559055116,0.08858267716535433,0.234251968503937,0.17913385826771652,0.04921259842519685,0.023622047244094488,0.03740157480314961
275,2014,347,87,12,80,27,9,12,18,621,245,247.0,0.3551020408163265,0.04897959183673469,0.32653061224489793,0.11020408163265306,0.036734693877551024,0.04897959183673469,0.07346938775510205
276,2014,348,159,36,102,53,30,21,17,777,418,253.0,0.3803827751196172,0.0861244019138756,0.24401913875598086,0.12679425837320574,0.07177033492822966,0.050239234449760764,0.04066985645933014
277,2014,349,328,38,263,89,18,37,31,2005,804,248.0,0.4079601990049751,0.0472636815920398,0.3271144278606965,0.11069651741293532,0.022388059701492536,0.046019900497512436,0.03855721393034826
279,2014,350,247,34,225,65,18,27,19,1513,635,250.0,0.3889763779527559,0.05354330708661417,0.3543307086614173,0.10236220472440945,0.028346456692913385,0.04251968503937008,0.029921259842519685
280,2014,351,202,44,183,62,12,17,14,1352,534,251.0,0.3782771535580524,0.08239700374531835,0.34269662921348315,0.11610486891385768,0.02247191011235955,0.031835205992509365,0.026217228464419477
281,2014,352,305,66,263,64,17,23,17,1551,755,252.0,0.40397350993377484,0.08741721854304636,0.3483443708609272,0.0847682119205298,0.022516556291390728,0.030463576158940398,0.022516556291390728
282,2014,353,295,50,228,96,29,34,30,1541,762,254.0,0.38713910761154857,0.06561679790026247,0.2992125984251969,0.12598425196850394,0.03805774278215223,0.04461942257217848,0.03937007874015748
283,2014,354,265,33,163,67,20,13,27,1367,588,255.0,0.45068027210884354,0.05612244897959184,0.27721088435374147,0.11394557823129252,0.034013605442176874,0.022108843537414966,0.04591836734693878
284,2014,355,269,91,167,123,27,38,32,1607,747,256.0,0.36010709504685406,0.12182061579651941,0.22356091030789826,0.1646586345381526,0.03614457831325301,0.050870147255689425,0.0428380187416332
285,2014,356,162,32,137,68,14,19,19,1201,451,257.0,0.35920177383592017,0.07095343680709534,0.30376940133037694,0.15077605321507762,0.031042128603104215,0.04212860310421286,0.04212860310421286
286,2014,357,196,48,136,68,15,32,21,1352,516,258.0,0.3798449612403101,0.09302325581395349,0.26356589147286824,0.13178294573643412,0.029069767441860465,0.06201550387596899,0.040697674418604654
287,2014,358,215,25,126,61,17,22,23,1173,489,258.0,0.4396728016359918,0.05112474437627812,0.25766871165644173,0.12474437627811862,0.034764826175869123,0.044989775051124746,0.04703476482617587
288,2014,359,247,51,189,71,24,38,16,1471,636,260.0,0.38836477987421386,0.08018867924528301,0.2971698113207547,0.11163522012578617,0.03773584905660377,0.059748427672955975,0.025157232704402517
290,2014,360,251,50,186,71,11,27,25,1561,621,262.0,0.40418679549114334,0.08051529790660225,0.2995169082125604,0.1143317230273752,0.017713365539452495,0.043478260869565216,0.040257648953301126
291,2014,361,378,61,242,91,18,28,32,1928,850,263.0,0.4447058823529412,0.07176470588235294,0.2847058823529412,0.10705882352941176,0.021176470588235293,0.03294117647058824,0.03764705882352941
292,2014,362,211,47,136,57,21,12,23,1254,507,264.0,0.4161735700197239,0.09270216962524655,0.2682445759368836,0.11242603550295859,0.04142011834319527,0.023668639053254437,0.045364891518737675
293,2014,363,272,63,180,72,21,45,33,1760,686,265.0,0.3965014577259475,0.09183673469387756,0.26239067055393583,0.10495626822157435,0.030612244897959183,0.06559766763848396,0.048104956268221574
294,2014,364,334,79,249,121,33,66,52,1849,934,266.0,0.3576017130620985,0.08458244111349036,0.26659528907922914,0.12955032119914348,0.035331905781584586,0.07066381156316917,0.055674518201284794
295,2014,365,313,54,257,83,12,18,13,1566,750,267.0,0.41733333333333333,0.072,0.3426666666666667,0.11066666666666666,0.016,0.024,0.017333333333333333
296,2014,366,211,59,146,73,23,18,29,1278,559,268.0,0.3774597495527728,0.10554561717352415,0.26118067978533094,0.13059033989266547,0.04114490161001789,0.03220035778175313,0.0518783542039356
297,2014,367,138,34,87,32,6,10,13,1101,320,267.0,0.43125,0.10625,0.271875,0.1,0.01875,0.03125,0.040625
298,2014,368,256,47,186,58,13,16,16,1444,592,270.0,0.43243243243243246,0.07939189189189189,0.3141891891891892,0.09797297297297297,0.02195945945945946,0.02702702702702703,0.02702702702702703
299,2014,369,137,25,130,54,15,24,23,1071,408,271.0,0.33578431372549017,0.061274509803921566,0.31862745098039214,0.1323529411764706,0.03676470588235294,0.058823529411764705,0.056372549019607844
301,2014,370,194,36,144,50,10,10,20,1245,464,273.0,0.41810344827586204,0.07758620689655173,0.3103448275862069,0.10775862068965517,0.021551724137931036,0.021551724137931036,0.04310344827586207
302,2014,371,301,73,206,82,14,34,31,1859,741,274.0,0.40620782726045884,0.09851551956815115,0.27800269905533065,0.1106612685560054,0.018893387314439947,0.04588394062078273,0.04183535762483131
303,2014,372,271,38,221,70,13,30,22,2057,665,275.0,0.4075187969924812,0.05714285714285714,0.3323308270676692,0.10526315789473684,0.019548872180451128,0.045112781954887216,0.03308270676691729
304,2014,373,253,48,132,72,13,21,25,1739,564,276.0,0.44858156028368795,0.0851063829787234,0.23404255319148937,0.1276595744680851,0.02304964539007092,0.03723404255319149,0.044326241134751775
305,2014,374,304,44,198,110,24,30,20,1979,730,277.0,0.41643835616438357,0.06027397260273973,0.27123287671232876,0.1506849315068493,0.03287671232876712,0.0410958904109589,0.0273972602739726
306,2014,375,335,53,209,101,31,49,31,1933,809,278.0,0.41409147095179233,0.06551297898640297,0.2583436341161928,0.12484548825710753,0.038318912237330034,0.06056860321384425,0.038318912237330034
307,2014,376,156,32,160,41,18,13,15,1164,435,278.0,0.3586206896551724,0.0735632183908046,0.367816091954023,0.09425287356321839,0.041379310344827586,0.029885057471264367,0.034482758620689655
308,2014,377,150,35,145,57,19,13,12,1057,431,279.0,0.3480278422273782,0.08120649651972157,0.33642691415313225,0.13225058004640372,0.04408352668213457,0.030162412993039442,0.027842227378190254
309,2014,378,183,46,150,50,16,18,12,1054,475,280.0,0.38526315789473686,0.0968421052631579,0.3157894736842105,0.10526315789473684,0.03368421052631579,0.037894736842105266,0.02526315789473684
310,2014,379,214,37,171,45,9,7,13,1165,496,280.0,0.4314516129032258,0.07459677419354839,0.34475806451612906,0.0907258064516129,0.018145161290322582,0.014112903225806451,0.02620967741935484
312,2014,380,107,32,139,27,7,14,8,1011,334,282.0,0.3203592814371258,0.09580838323353294,0.4161676646706587,0.08083832335329341,0.020958083832335328,0.041916167664670656,0.023952095808383235
313,2014,381,124,23,145,28,14,17,22,1230,373,283.0,0.3324396782841823,0.06166219839142091,0.38873994638069703,0.07506702412868632,0.03753351206434316,0.045576407506702415,0.058981233243967826
314,2014,382,178,31,151,43,8,19,29,1391,459,284.0,0.3877995642701525,0.06753812636165578,0.3289760348583878,0.09368191721132897,0.017429193899782137,0.04139433551198257,0.06318082788671024
315,2014,383,262,68,222,89,21,30,31,1800,723,285.0,0.3623789764868603,0.09405255878284924,0.3070539419087137,0.12309820193637622,0.029045643153526972,0.04149377593360996,0.042876901798063624
316,2014,384,191,42,200,42,20,19,32,1372,546,286.0,0.3498168498168498,0.07692307692307693,0.3663003663003663,0.07692307692307693,0.03663003663003663,0.0347985347985348,0.05860805860805861
317,2014,385,186,58,191,48,6,33,26,1433,548,287.0,0.33941605839416056,0.10583941605839416,0.34854014598540145,0.08759124087591241,0.010948905109489052,0.060218978102189784,0.04744525547445255
318,2014,386,118,25,131,28,5,20,16,1134,343,288.0,0.34402332361516036,0.0728862973760933,0.3819241982507289,0.08163265306122448,0.014577259475218658,0.05830903790087463,0.04664723032069971
319,2014,387,87,21,97,36,4,14,7,1033,266,289.0,0.32706766917293234,0.07894736842105263,0.36466165413533835,0.13533834586466165,0.015037593984962405,0.05263157894736842,0.02631578947368421
320,2014,388,208,42,208,51,17,30,19,1733,575,290.0,0.3617391304347826,0.07304347826086957,0.3617391304347826,0.08869565217391304,0.029565217391304348,0.05217391304347826,0.03304347826086956
321,2014,389,197,40,145,33,7,11,13,1095,446,291.0,0.44170403587443946,0.08968609865470852,0.3251121076233184,0.07399103139013453,0.01569506726457399,0.02466367713004484,0.02914798206278027
323,2014,390,214,27,150,45,5,16,6,1078,463,293.0,0.46220302375809935,0.058315334773218146,0.32397408207343414,0.09719222462203024,0.01079913606911447,0.03455723542116631,0.012958963282937365
324,2014,391,205,28,184,40,11,13,20,1334,501,294.0,0.4091816367265469,0.05588822355289421,0.36726546906187624,0.07984031936127745,0.021956087824351298,0.02594810379241517,0.03992015968063872
325,2014,392,200,43,191,54,25,17,19,1574,549,297.0,0.36429872495446264,0.07832422586520947,0.34790528233151186,0.09836065573770492,0.04553734061930783,0.030965391621129327,0.03460837887067395
326,2014,393,163,28,139,47,9,27,17,1068,430,295.0,0.37906976744186044,0.06511627906976744,0.32325581395348835,0.10930232558139535,0.020930232558139535,0.06279069767441861,0.03953488372093023
327,2014,394,236,24,195,74,8,10,23,1266,570,296.0,0.41403508771929826,0.042105263157894736,0.34210526315789475,0.12982456140350876,0.014035087719298246,0.017543859649122806,0.04035087719298246
328,2014,395,114,23,159,44,11,16,11,1042,378,298.0,0.30158730158730157,0.06084656084656084,0.42063492063492064,0.1164021164021164,0.0291005291005291,0.042328042328042326,0.0291005291005291
329,2014,396,180,33,116,48,9,18,14,1307,418,299.0,0.430622009569378,0.07894736842105263,0.27751196172248804,0.11483253588516747,0.0215311004784689,0.0430622009569378,0.03349282296650718
330,2014,397,74,11,51,18,4,3,8,497,169,300.0,0.4378698224852071,0.0650887573964497,0.30177514792899407,0.10650887573964497,0.023668639053254437,0.01775147928994083,0.047337278106508875
331,2014,398,169,33,176,50,18,40,17,1175,503,301.0,0.3359840954274354,0.06560636182902585,0.3499005964214712,0.09940357852882704,0.03578528827037773,0.07952286282306163,0.033797216699801194
332,2014,399,200,28,129,48,10,29,14,1089,458,301.0,0.4366812227074236,0.0611353711790393,0.2816593886462882,0.10480349344978165,0.021834061135371178,0.06331877729257641,0.03056768558951965
335,2014,400,113,39,80,63,31,21,17,1009,364,303.0,0.31043956043956045,0.10714285714285714,0.21978021978021978,0.17307692307692307,0.08516483516483517,0.057692307692307696,0.046703296703296704
336,2014,401,161,35,182,60,6,29,24,1329,497,304.0,0.323943661971831,0.07042253521126761,0.36619718309859156,0.12072434607645875,0.012072434607645875,0.05835010060362173,0.0482897384305835
337,2014,402,230,68,242,102,22,27,37,2130,728,305.0,0.3159340659340659,0.09340659340659341,0.3324175824175824,0.1401098901098901,0.03021978021978022,0.03708791208791209,0.050824175824175824
338,2014,403,199,41,162,59,8,16,16,1546,501,306.0,0.3972055888223553,0.08183632734530938,0.32335329341317365,0.11776447105788423,0.015968063872255488,0.031936127744510975,0.031936127744510975
339,2014,404,174,44,194,61,9,19,19,1802,520,306.0,0.3346153846153846,0.08461538461538462,0.3730769230769231,0.11730769230769231,0.01730769230769231,0.03653846153846154,0.03653846153846154
340,2014,405,162,29,177,43,11,22,15,1414,459,308.0,0.35294117647058826,0.06318082788671024,0.38562091503267976,0.09368191721132897,0.023965141612200435,0.04793028322440087,0.032679738562091505
341,2014,406,108,26,107,41,11,16,14,660,323,311.0,0.33436532507739936,0.0804953560371517,0.33126934984520123,0.12693498452012383,0.034055727554179564,0.04953560371517028,0.043343653250773995
342,2014,407,206,30,179,65,30,18,18,1680,546,308.0,0.3772893772893773,0.054945054945054944,0.32783882783882784,0.11904761904761904,0.054945054945054944,0.03296703296703297,0.03296703296703297
343,2014,408,85,21,108,38,8,5,11,892,276,309.0,0.3079710144927536,0.07608695652173914,0.391304347826087,0.13768115942028986,0.028985507246376812,0.018115942028985508,0.03985507246376811
344,2014,409,145,26,123,58,12,24,13,1396,401,308.0,0.36159600997506236,0.06483790523690773,0.30673316708229426,0.14463840399002495,0.029925187032418952,0.059850374064837904,0.032418952618453865
346,2014,410,249,50,208,79,25,26,26,1730,663,312.0,0.3755656108597285,0.07541478129713423,0.3137254901960784,0.1191553544494721,0.03770739064856712,0.0392156862745098,0.0392156862745098
347,2014,411,247,58,219,51,14,20,22,1776,631,313.0,0.39144215530903326,0.0919175911251981,0.347068145800317,0.08082408874801902,0.022187004754358162,0.03169572107765452,0.03486529318541997
348,2014,412,394,90,317,91,43,56,36,2117,1027,314.0,0.38364167478091526,0.08763388510223953,0.308666017526777,0.08860759493670886,0.04186952288218111,0.054527750730282376,0.035053554040895815
349,2014,413,165,46,111,55,17,20,15,1047,429,315.0,0.38461538461538464,0.10722610722610723,0.25874125874125875,0.1282051282051282,0.039627039627039624,0.046620046620046623,0.03496503496503497
350,2014,414,208,46,254,81,11,24,23,1519,647,315.0,0.321483771251932,0.07109737248840804,0.39258114374034003,0.125193199381762,0.017001545595054096,0.03709428129829984,0.03554868624420402
351,2014,415,173,22,119,39,4,11,5,752,373,315.0,0.46380697050938335,0.058981233243967826,0.3190348525469169,0.10455764075067024,0.010723860589812333,0.029490616621983913,0.013404825737265416
352,2014,416,286,47,243,65,11,30,21,2042,703,318.0,0.406827880512091,0.06685633001422475,0.3456614509246088,0.09246088193456614,0.015647226173541962,0.04267425320056899,0.029871977240398292
353,2014,417,167,34,124,60,15,16,10,1219,426,319.0,0.392018779342723,0.07981220657276995,0.29107981220657275,0.14084507042253522,0.035211267605633804,0.03755868544600939,0.023474178403755867
354,2014,418,151,25,192,75,21,28,19,1434,511,320.0,0.29549902152641877,0.04892367906066536,0.37573385518590996,0.14677103718199608,0.0410958904109589,0.0547945205479452,0.03718199608610567
355,2014,419,310,54,183,81,42,33,27,1936,730,320.0,0.4246575342465753,0.07397260273972603,0.25068493150684934,0.11095890410958904,0.057534246575342465,0.045205479452054796,0.036986301369863014
357,2014,420,214,42,176,65,30,26,25,1611,578,322.0,0.370242214532872,0.0726643598615917,0.3044982698961938,0.11245674740484429,0.05190311418685121,0.04498269896193772,0.04325259515570934
358,2014,421,177,32,102,49,17,22,19,1219,418,323.0,0.423444976076555,0.07655502392344497,0.24401913875598086,0.11722488038277512,0.04066985645933014,0.05263157894736842,0.045454545454545456
359,2014,422,178,39,150,55,26,25,22,1298,495,324.0,0.3595959595959596,0.07878787878787878,0.30303030303030304,0.1111111111111111,0.052525252525252523,0.050505050505050504,0.044444444444444446
360,2014,423,208,46,183,65,22,35,11,1669,570,324.0,0.3649122807017544,0.08070175438596491,0.32105263157894737,0.11403508771929824,0.03859649122807018,0.06140350877192982,0.01929824561403509
361,2014,424,187,39,132,60,17,26,25,1041,486,324.0,0.38477366255144035,0.08024691358024691,0.2716049382716049,0.12345679012345678,0.03497942386831276,0.053497942386831275,0.051440329218107
362,2014,425,251,53,154,67,29,44,24,1638,622,327.0,0.40353697749196143,0.08520900321543408,0.24758842443729903,0.10771704180064309,0.04662379421221865,0.0707395498392283,0.03858520900321544
363,2014,426,132,25,111,62,13,20,9,1083,372,328.0,0.3548387096774194,0.06720430107526881,0.29838709677419356,0.16666666666666666,0.03494623655913978,0.053763440860215055,0.024193548387096774
364,2014,427,208,40,130,63,19,40,21,1516,521,329.0,0.39923224568138194,0.07677543186180422,0.2495201535508637,0.12092130518234165,0.036468330134357005,0.07677543186180422,0.04030710172744722
365,2014,428,286,60,220,80,19,44,23,1905,732,327.0,0.3907103825136612,0.08196721311475409,0.3005464480874317,0.1092896174863388,0.025956284153005466,0.060109289617486336,0.031420765027322405
366,2014,429,84,21,96,41,10,19,12,706,283,327.0,0.2968197879858657,0.07420494699646643,0.3392226148409894,0.14487632508833923,0.0353356890459364,0.06713780918727916,0.04240282685512368
368,2014,430,179,35,187,68,18,15,22,1492,524,327.0,0.3416030534351145,0.06679389312977099,0.3568702290076336,0.1297709923664122,0.03435114503816794,0.02862595419847328,0.04198473282442748
369,2014,431,221,51,161,67,13,27,30,1600,570,327.0,0.387719298245614,0.08947368421052632,0.2824561403508772,0.11754385964912281,0.02280701754385965,0.04736842105263158,0.05263157894736842
370,2014,432,132,17,83,41,17,21,13,980,324,335.0,0.4074074074074074,0.05246913580246913,0.25617283950617287,0.12654320987654322,0.05246913580246913,0.06481481481481481,0.040123456790123455
371,2014,433,250,56,181,81,27,28,30,1775,653,336.0,0.38284839203675347,0.08575803981623277,0.2771822358346095,0.12404287901990811,0.04134762633996937,0.042879019908116385,0.045941807044410414
372,2014,434,147,26,80,40,11,25,14,983,343,337.0,0.42857142857142855,0.07580174927113703,0.23323615160349853,0.11661807580174927,0.03206997084548105,0.0728862973760933,0.04081632653061224
373,2014,435,210,36,136,93,28,26,22,1494,551,338.0,0.3811252268602541,0.06533575317604355,0.24682395644283123,0.16878402903811252,0.050816696914700546,0.047186932849364795,0.039927404718693285
374,2014,436,204,53,171,64,19,32,15,1431,558,339.0,0.3655913978494624,0.09498207885304659,0.3064516129032258,0.11469534050179211,0.034050179211469536,0.05734767025089606,0.026881720430107527
375,2014,437,243,40,168,67,19,19,29,1627,585,340.0,0.4153846153846154,0.06837606837606838,0.28717948717948716,0.11452991452991453,0.03247863247863248,0.03247863247863248,0.04957264957264957
376,2014,438,116,18,111,60,17,24,17,935,363,335.0,0.31955922865013775,0.049586776859504134,0.30578512396694213,0.1652892561983471,0.046831955922865015,0.06611570247933884,0.046831955922865015
377,2014,439,169,41,132,52,17,33,29,1220,473,341.0,0.3572938689217759,0.08668076109936575,0.27906976744186046,0.10993657505285412,0.035940803382663845,0.06976744186046512,0.0613107822410148
379,2014,440,146,34,103,38,19,13,17,1081,370,343.0,0.3945945945945946,0.0918918918918919,0.27837837837837837,0.10270270270270271,0.051351351351351354,0.03513513513513514,0.04594594594594595
380,2014,441,170,35,167,52,25,18,20,1155,487,344.0,0.3490759753593429,0.07186858316221766,0.34291581108829566,0.10677618069815195,0.0513347022587269,0.03696098562628337,0.04106776180698152
381,2014,442,183,34,151,63,22,22,25,1486,500,345.0,0.366,0.068,0.302,0.126,0.044,0.044,0.05
382,2014,443,214,44,126,57,16,26,22,1253,505,346.0,0.42376237623762375,0.08712871287128712,0.2495049504950495,0.11287128712871287,0.031683168316831684,0.05148514851485148,0.04356435643564356
383,2014,444,186,49,116,41,22,7,13,1089,434,345.0,0.42857142857142855,0.11290322580645161,0.2672811059907834,0.0944700460829493,0.05069124423963134,0.016129032258064516,0.029953917050691243
384,2014,445,287,56,205,57,23,28,11,1588,667,348.0,0.4302848575712144,0.08395802098950525,0.3073463268365817,0.08545727136431784,0.034482758620689655,0.041979010494752625,0.01649175412293853
385,2014,446,311,41,199,59,26,34,38,1603,708,349.0,0.4392655367231638,0.05790960451977401,0.2810734463276836,0.08333333333333333,0.03672316384180791,0.0480225988700565,0.05367231638418079
386,2014,447,220,35,112,37,11,27,17,1158,459,349.0,0.4793028322440087,0.07625272331154684,0.2440087145969499,0.08061002178649238,0.023965141612200435,0.058823529411764705,0.037037037037037035
387,2014,448,197,53,295,79,12,28,45,1613,709,349.0,0.2778561354019746,0.07475317348377997,0.41607898448519043,0.11142454160789844,0.01692524682651622,0.039492242595204514,0.06346967559943582
388,2014,449,126,18,94,31,4,15,9,728,297,352.0,0.42424242424242425,0.06060606060606061,0.3164983164983165,0.10437710437710437,0.013468013468013467,0.050505050505050504,0.030303030303030304
390,2014,450,185,29,182,68,28,16,17,1282,525,354.0,0.3523809523809524,0.05523809523809524,0.3466666666666667,0.1295238095238095,0.05333333333333334,0.030476190476190476,0.03238095238095238
391,2014,451,78,41,133,46,12,14,8,1005,332,355.0,0.23493975903614459,0.12349397590361445,0.4006024096385542,0.13855421686746988,0.03614457831325301,0.04216867469879518,0.024096385542168676
392,2014,452,48,4,34,15,3,6,1,324,111,356.0,0.43243243243243246,0.036036036036036036,0.3063063063063063,0.13513513513513514,0.02702702702702703,0.05405405405405406,0.009009009009009009
