,year,nr_obwodu,majchrowski,po,pis,gibala,lewica,berkowicz,inni,max_voters,votes,obwod06,majchrowski_proc,po_proc,pis_proc,gibala_proc,lewica_proc,berkowicz_proc,inni_proc
0,2014,1,52,106,110,16,27,23,33,1008,367,1.0,0.14168937329700274,0.2888283378746594,0.2997275204359673,0.043596730245231606,0.07356948228882834,0.06267029972752043,0.08991825613079019
111,2014,2,40,93,118,6,23,17,27,942,324,105.0,0.12345679012345678,0.28703703703703703,0.36419753086419754,0.018518518518518517,0.07098765432098765,0.05246913580246913,0.08333333333333333
222,2014,3,42,107,112,17,31,14,29,1125,352,203.0,0.11931818181818182,0.3039772727272727,0.3181818181818182,0.048295454545454544,0.08806818181818182,0.03977272727272727,0.08238636363636363
333,2014,4,47,70,100,12,22,19,32,909,302,302.0,0.15562913907284767,0.23178807947019867,0.33112582781456956,0.039735099337748346,0.0728476821192053,0.06291390728476821,0.10596026490066225
432,2014,5,42,95,99,8,26,22,26,1039,318,394.0,0.1320754716981132,0.29874213836477986,0.3113207547169811,0.025157232704402517,0.08176100628930817,0.06918238993710692,0.08176100628930817
443,2014,6,16,51,60,5,16,15,16,535,179,405.0,0.0893854748603352,0.2849162011173184,0.33519553072625696,0.027932960893854747,0.0893854748603352,0.08379888268156424,0.0893854748603352
454,2014,7,57,156,249,13,32,32,29,1403,568,,0.10035211267605634,0.2746478873239437,0.43838028169014087,0.022887323943661973,0.056338028169014086,0.056338028169014086,0.051056338028169015
465,2014,8,33,112,174,9,35,21,30,1277,414,,0.07971014492753623,0.27053140096618356,0.42028985507246375,0.021739130434782608,0.08454106280193237,0.050724637681159424,0.07246376811594203
476,2014,9,28,66,88,7,26,22,22,723,259,,0.10810810810810811,0.2548262548262548,0.33976833976833976,0.02702702702702703,0.10038610038610038,0.08494208494208494,0.08494208494208494
1,2014,10,29,93,165,10,11,7,39,733,354,2.0,0.08192090395480225,0.2627118644067797,0.4661016949152542,0.02824858757062147,0.031073446327683617,0.01977401129943503,0.11016949152542373
12,2014,11,49,93,109,5,25,17,25,848,323,13.0,0.15170278637770898,0.28792569659442724,0.33746130030959753,0.015479876160990712,0.07739938080495357,0.05263157894736842,0.07739938080495357
23,2014,12,27,84,128,11,46,13,28,770,337,24.0,0.08011869436201781,0.24925816023738873,0.3798219584569733,0.032640949554896145,0.13649851632047477,0.03857566765578635,0.0830860534124629
34,2014,13,59,155,143,25,39,35,46,1268,502,35.0,0.11752988047808766,0.30876494023904383,0.2848605577689243,0.049800796812749,0.07768924302788845,0.0697211155378486,0.09163346613545817
45,2014,14,15,113,58,10,9,15,21,619,241,46.0,0.06224066390041494,0.46887966804979253,0.24066390041493776,0.04149377593360996,0.03734439834024896,0.06224066390041494,0.08713692946058091
56,2014,15,47,140,168,14,33,20,36,976,458,57.0,0.10262008733624454,0.3056768558951965,0.36681222707423583,0.03056768558951965,0.07205240174672489,0.043668122270742356,0.07860262008733625
67,2014,16,60,155,180,21,24,24,60,1121,524,65.0,0.11450381679389313,0.2958015267175573,0.3435114503816794,0.04007633587786259,0.04580152671755725,0.04580152671755725,0.11450381679389313
78,2014,17,35,94,82,12,29,23,33,782,308,76.0,0.11363636363636363,0.3051948051948052,0.2662337662337662,0.03896103896103896,0.09415584415584416,0.07467532467532467,0.10714285714285714
89,2014,18,51,144,120,15,46,21,39,955,436,88.0,0.11697247706422019,0.3302752293577982,0.27522935779816515,0.034403669724770644,0.10550458715596331,0.0481651376146789,0.08944954128440367
100,2014,19,37,118,164,8,36,12,22,865,397,97.0,0.09319899244332494,0.2972292191435768,0.41309823677581864,0.020151133501259445,0.0906801007556675,0.030226700251889168,0.055415617128463476
112,2014,20,31,103,48,9,22,18,23,632,254,106.0,0.1220472440944882,0.40551181102362205,0.1889763779527559,0.03543307086614173,0.08661417322834646,0.07086614173228346,0.09055118110236221
123,2014,21,36,94,186,17,18,25,44,1033,420,115.0,0.08571428571428572,0.22380952380952382,0.44285714285714284,0.04047619047619048,0.04285714285714286,0.05952380952380952,0.10476190476190476
134,2014,22,36,115,67,10,23,13,46,758,310,126.0,0.11612903225806452,0.3709677419354839,0.2161290322580645,0.03225806451612903,0.07419354838709677,0.041935483870967745,0.14838709677419354
145,2014,23,21,104,42,14,21,11,23,561,236,135.0,0.08898305084745763,0.4406779661016949,0.17796610169491525,0.059322033898305086,0.08898305084745763,0.046610169491525424,0.09745762711864407
156,2014,24,72,205,165,26,41,28,38,1334,575,148.0,0.12521739130434784,0.3565217391304348,0.28695652173913044,0.04521739130434783,0.07130434782608695,0.04869565217391304,0.06608695652173913
167,2014,25,66,133,150,17,41,30,34,1131,471,158.0,0.14012738853503184,0.2823779193205945,0.3184713375796178,0.036093418259023353,0.0870488322717622,0.06369426751592357,0.07218683651804671
178,2014,26,53,137,114,18,43,31,29,1008,425,169.0,0.12470588235294118,0.32235294117647056,0.26823529411764707,0.042352941176470586,0.1011764705882353,0.07294117647058823,0.06823529411764706
189,2014,27,79,195,151,14,47,30,62,1299,578,175.0,0.13667820069204153,0.3373702422145329,0.26124567474048443,0.02422145328719723,0.08131487889273356,0.05190311418685121,0.10726643598615918
200,2014,28,32,120,95,5,32,16,30,797,330,184.0,0.09696969696969697,0.36363636363636365,0.2878787878787879,0.015151515151515152,0.09696969696969697,0.048484848484848485,0.09090909090909091
211,2014,29,18,84,105,6,14,18,20,613,265,194.0,0.06792452830188679,0.3169811320754717,0.39622641509433965,0.022641509433962263,0.052830188679245285,0.06792452830188679,0.07547169811320754
223,2014,30,32,155,206,10,37,15,22,1047,477,204.0,0.06708595387840671,0.3249475890985325,0.43186582809224316,0.020964360587002098,0.07756813417190776,0.031446540880503145,0.04612159329140461
234,2014,31,79,179,144,29,23,23,37,1336,514,212.0,0.15369649805447472,0.34824902723735407,0.2801556420233463,0.05642023346303502,0.04474708171206226,0.04474708171206226,0.07198443579766536
245,2014,32,37,75,86,14,19,22,26,847,279,221.0,0.13261648745519714,0.26881720430107525,0.30824372759856633,0.05017921146953405,0.06810035842293907,0.07885304659498207,0.0931899641577061
256,2014,33,72,212,157,26,46,30,23,1283,566,231.0,0.127208480565371,0.3745583038869258,0.2773851590106007,0.045936395759717315,0.0812720848056537,0.053003533568904596,0.04063604240282685
267,2014,34,79,209,143,22,52,27,21,1270,553,240.0,0.14285714285714285,0.3779385171790235,0.2585895117540687,0.039783001808318265,0.09403254972875226,0.048824593128390596,0.0379746835443038
278,2014,35,74,189,157,17,50,19,26,1252,532,249.0,0.13909774436090225,0.35526315789473684,0.2951127819548872,0.03195488721804511,0.09398496240601503,0.03571428571428571,0.04887218045112782
289,2014,36,50,113,86,17,27,19,15,794,327,261.0,0.1529051987767584,0.345565749235474,0.26299694189602446,0.05198776758409786,0.08256880733944955,0.0581039755351682,0.045871559633027525
300,2014,37,50,126,141,14,32,22,25,1175,410,272.0,0.12195121951219512,0.3073170731707317,0.3439024390243902,0.03414634146341464,0.07804878048780488,0.05365853658536585,0.06097560975609756
311,2014,38,99,150,128,28,37,24,26,1058,492,281.0,0.20121951219512196,0.3048780487804878,0.2601626016260163,0.056910569105691054,0.07520325203252033,0.04878048780487805,0.052845528455284556
322,2014,39,127,237,234,28,35,36,30,1591,727,292.0,0.1746905089408528,0.32599724896836313,0.3218707015130674,0.03851444291609354,0.048143053645116916,0.04951856946354883,0.04126547455295736
334,2014,40,70,239,205,23,43,47,43,1628,670,303.0,0.1044776119402985,0.3567164179104478,0.30597014925373134,0.034328358208955224,0.06417910447761194,0.07014925373134329,0.06417910447761194
345,2014,41,74,131,193,16,35,31,42,1409,522,310.0,0.1417624521072797,0.2509578544061303,0.36973180076628354,0.03065134099616858,0.06704980842911877,0.05938697318007663,0.08045977011494253
356,2014,42,72,144,151,17,48,22,27,1298,481,321.0,0.1496881496881497,0.2993762993762994,0.31392931392931395,0.035343035343035345,0.0997920997920998,0.04573804573804574,0.056133056133056136
367,2014,43,78,155,165,20,30,27,18,1176,493,327.0,0.15821501014198783,0.3144016227180527,0.33468559837728196,0.04056795131845842,0.060851926977687626,0.05476673427991886,0.036511156186612576
378,2014,44,87,231,142,36,54,35,44,1523,629,341.0,0.1383147853736089,0.3672496025437202,0.22575516693163752,0.057233704292527825,0.08585055643879173,0.05564387917329094,0.06995230524642289
389,2014,45,110,213,178,15,47,19,20,1456,602,352.0,0.18272425249169436,0.3538205980066445,0.2956810631229236,0.024916943521594685,0.07807308970099668,0.03156146179401993,0.03322259136212625
400,2014,46,57,134,101,16,30,12,88,1133,438,362.0,0.13013698630136986,0.3059360730593607,0.23059360730593606,0.0365296803652968,0.0684931506849315,0.0273972602739726,0.2009132420091324
411,2014,47,110,162,83,16,51,27,25,1153,474,373.0,0.2320675105485232,0.34177215189873417,0.1751054852320675,0.03375527426160337,0.10759493670886076,0.056962025316455694,0.052742616033755275
422,2014,48,50,180,155,26,46,18,29,1126,504,384.0,0.0992063492063492,0.35714285714285715,0.30753968253968256,0.051587301587301584,0.09126984126984126,0.03571428571428571,0.057539682539682536
431,2014,49,43,133,112,11,31,21,25,1114,376,393.0,0.11436170212765957,0.3537234042553192,0.2978723404255319,0.02925531914893617,0.08244680851063829,0.05585106382978723,0.06648936170212766
433,2014,50,59,147,124,24,51,20,23,1104,448,395.0,0.13169642857142858,0.328125,0.2767857142857143,0.05357142857142857,0.11383928571428571,0.044642857142857144,0.05133928571428571
434,2014,51,76,152,134,30,55,22,25,1253,494,396.0,0.15384615384615385,0.3076923076923077,0.27125506072874495,0.06072874493927125,0.11133603238866396,0.044534412955465584,0.05060728744939271
435,2014,52,66,192,165,27,61,28,18,1397,557,397.0,0.118491921005386,0.34470377019748655,0.296229802513465,0.04847396768402154,0.10951526032315978,0.05026929982046679,0.03231597845601436
436,2014,53,132,95,70,9,11,20,6,703,343,398.0,0.3848396501457726,0.27696793002915454,0.20408163265306123,0.026239067055393587,0.03206997084548105,0.05830903790087463,0.01749271137026239
437,2014,54,155,185,172,13,46,34,18,1522,623,403.0,0.24879614767255218,0.2969502407704655,0.27608346709470305,0.02086677367576244,0.0738362760834671,0.05457463884430177,0.028892455858747994
438,2014,55,128,193,113,11,22,28,14,1510,509,399.0,0.25147347740667975,0.3791748526522593,0.2220039292730845,0.021611001964636542,0.043222003929273084,0.0550098231827112,0.0275049115913556
439,2014,56,71,242,152,25,20,28,12,1370,550,400.0,0.1290909090909091,0.44,0.27636363636363637,0.045454545454545456,0.03636363636363636,0.05090909090909091,0.02181818181818182
440,2014,57,68,166,112,18,18,20,10,1084,412,400.0,0.1650485436893204,0.4029126213592233,0.27184466019417475,0.043689320388349516,0.043689320388349516,0.04854368932038835,0.024271844660194174
441,2014,58,56,211,149,18,21,34,16,1101,505,402.0,0.11089108910891089,0.4178217821782178,0.29504950495049503,0.03564356435643564,0.041584158415841586,0.06732673267326733,0.031683168316831684
442,2014,59,107,249,141,14,33,39,21,1421,604,396.0,0.1771523178807947,0.41225165562913907,0.23344370860927152,0.023178807947019868,0.054635761589403975,0.06456953642384106,0.0347682119205298
444,2014,60,81,241,121,19,25,17,13,1103,517,406.0,0.15667311411992263,0.4661508704061896,0.23404255319148937,0.0367504835589942,0.048355899419729204,0.03288201160541586,0.025145067698259187
445,2014,61,40,144,111,11,13,21,6,756,346,407.0,0.11560693641618497,0.4161849710982659,0.3208092485549133,0.031791907514450865,0.03757225433526012,0.06069364161849711,0.017341040462427744
446,2014,62,74,239,147,13,21,44,17,1331,555,408.0,0.13333333333333333,0.4306306306306306,0.2648648648648649,0.023423423423423424,0.03783783783783784,0.07927927927927927,0.03063063063063063
447,2014,63,87,187,172,15,15,34,10,1489,520,409.0,0.1673076923076923,0.3596153846153846,0.33076923076923076,0.028846153846153848,0.028846153846153848,0.06538461538461539,0.019230769230769232
448,2014,64,65,207,140,9,16,29,13,1136,479,410.0,0.13569937369519833,0.4321503131524008,0.29227557411273486,0.018789144050104383,0.033402922755741124,0.060542797494780795,0.027139874739039668
449,2014,65,63,178,117,19,19,19,15,1050,430,411.0,0.14651162790697675,0.413953488372093,0.27209302325581397,0.044186046511627906,0.044186046511627906,0.044186046511627906,0.03488372093023256
450,2014,66,47,159,122,6,11,37,18,1121,400,412.0,0.1175,0.3975,0.305,0.015,0.0275,0.0925,0.045
451,2014,67,83,420,205,33,49,65,19,2015,874,413.0,0.09496567505720824,0.4805491990846682,0.2345537757437071,0.03775743707093822,0.05606407322654462,0.07437070938215103,0.021739130434782608
452,2014,68,99,305,217,27,34,57,15,1818,754,,0.1312997347480106,0.40450928381962864,0.28779840848806365,0.03580901856763926,0.04509283819628647,0.07559681697612732,0.01989389920424403
453,2014,69,75,98,81,23,13,23,26,1149,339,,0.22123893805309736,0.2890855457227139,0.23893805309734514,0.06784660766961652,0.038348082595870206,0.06784660766961652,0.07669616519174041
455,2014,70,52,98,159,14,17,15,13,944,368,,0.14130434782608695,0.266304347826087,0.4320652173913043,0.03804347826086957,0.04619565217391304,0.04076086956521739,0.035326086956521736
456,2014,71,107,347,351,30,50,55,21,1981,961,,0.1113423517169615,0.3610822060353798,0.36524453694068676,0.031217481789802288,0.05202913631633715,0.05723204994797086,0.021852237252861603
457,2014,72,62,151,175,21,15,23,17,1130,464,,0.1336206896551724,0.3254310344827586,0.3771551724137931,0.04525862068965517,0.032327586206896554,0.04956896551724138,0.036637931034482756
458,2014,73,45,173,151,17,14,19,13,1001,432,,0.10416666666666667,0.40046296296296297,0.34953703703703703,0.03935185185185185,0.032407407407407406,0.04398148148148148,0.03009259259259259
459,2014,74,64,145,120,18,18,15,8,1140,388,,0.16494845360824742,0.37371134020618557,0.30927835051546393,0.04639175257731959,0.04639175257731959,0.03865979381443299,0.020618556701030927
460,2014,75,63,230,150,30,22,17,17,1449,529,,0.11909262759924386,0.43478260869565216,0.2835538752362949,0.05671077504725898,0.04158790170132325,0.03213610586011342,0.03213610586011342
461,2014,76,45,173,132,10,13,7,13,1074,393,,0.11450381679389313,0.4402035623409669,0.33587786259541985,0.02544529262086514,0.03307888040712468,0.017811704834605598,0.03307888040712468
462,2014,77,120,371,288,26,37,37,38,1954,917,,0.13086150490730644,0.40458015267175573,0.31406761177753545,0.028353326063249727,0.04034896401308615,0.04034896401308615,0.04143947655398037
463,2014,78,99,305,226,27,47,44,14,1675,762,,0.12992125984251968,0.400262467191601,0.29658792650918636,0.03543307086614173,0.06167979002624672,0.05774278215223097,0.01837270341207349
464,2014,79,65,108,94,8,16,12,10,853,313,,0.20766773162939298,0.3450479233226837,0.3003194888178914,0.025559105431309903,0.051118210862619806,0.038338658146964855,0.03194888178913738
466,2014,80,66,153,150,13,12,17,10,1141,421,,0.15676959619952494,0.36342042755344417,0.35629453681710216,0.030878859857482184,0.028503562945368172,0.040380047505938245,0.023752969121140142
467,2014,81,66,150,160,21,29,12,11,1239,449,,0.14699331848552338,0.33407572383073497,0.35634743875278396,0.0467706013363029,0.0645879732739421,0.026726057906458798,0.024498886414253896
468,2014,82,104,356,178,26,44,31,26,1843,765,,0.13594771241830064,0.465359477124183,0.2326797385620915,0.03398692810457516,0.05751633986928104,0.040522875816993466,0.03398692810457516
469,2014,83,49,122,101,17,32,19,11,908,351,,0.1396011396011396,0.3475783475783476,0.28774928774928776,0.04843304843304843,0.09116809116809117,0.05413105413105413,0.03133903133903134
470,2014,84,63,275,216,26,62,40,18,1749,700,,0.09,0.39285714285714285,0.30857142857142855,0.037142857142857144,0.08857142857142856,0.05714285714285714,0.025714285714285714
471,2014,85,84,331,145,39,106,38,26,1851,769,,0.10923276983094929,0.4304291287386216,0.18855656697009102,0.05071521456436931,0.1378413524057217,0.0494148244473342,0.033810143042912875
472,2014,86,48,149,149,10,35,27,13,1117,431,,0.11136890951276102,0.345707656612529,0.345707656612529,0.02320185614849188,0.08120649651972157,0.06264501160092807,0.030162412993039442
473,2014,87,44,199,120,9,43,24,4,1185,443,,0.09932279909706546,0.4492099322799097,0.2708803611738149,0.020316027088036117,0.09706546275395034,0.05417607223476298,0.009029345372460496
474,2014,88,52,209,179,12,22,33,12,1563,519,,0.1001926782273603,0.4026974951830443,0.3448940269749518,0.023121387283236993,0.04238921001926782,0.06358381502890173,0.023121387283236993
475,2014,89,38,175,185,13,45,21,15,1670,492,,0.07723577235772358,0.3556910569105691,0.37601626016260165,0.026422764227642278,0.09146341463414634,0.042682926829268296,0.03048780487804878
477,2014,90,56,300,86,14,35,23,15,1122,529,,0.10586011342155009,0.5671077504725898,0.16257088846880907,0.026465028355387523,0.0661625708884688,0.043478260869565216,0.02835538752362949
478,2014,91,58,162,82,22,71,32,10,1149,437,,0.13272311212814644,0.3707093821510298,0.18764302059496568,0.05034324942791762,0.16247139588100687,0.07322654462242563,0.02288329519450801
479,2014,92,39,135,151,9,30,24,7,1099,395,,0.09873417721518987,0.34177215189873417,0.3822784810126582,0.02278481012658228,0.0759493670886076,0.060759493670886074,0.017721518987341773
480,2014,93,34,109,85,10,20,12,11,972,281,,0.12099644128113879,0.3879003558718861,0.302491103202847,0.03558718861209965,0.0711743772241993,0.042704626334519574,0.03914590747330961
481,2014,94,31,114,87,5,30,19,10,945,296,,0.10472972972972973,0.38513513513513514,0.2939189189189189,0.016891891891891893,0.10135135135135136,0.06418918918918919,0.033783783783783786
482,2014,95,78,205,216,31,51,43,15,2101,639,,0.12206572769953052,0.3208137715179969,0.3380281690140845,0.048513302034428794,0.07981220657276995,0.06729264475743349,0.023474178403755867
483,2014,96,26,87,98,11,12,11,9,792,254,,0.10236220472440945,0.3425196850393701,0.3858267716535433,0.04330708661417323,0.047244094488188976,0.04330708661417323,0.03543307086614173
484,2014,97,35,99,125,17,21,17,8,1084,322,,0.10869565217391304,0.30745341614906835,0.38819875776397517,0.052795031055900624,0.06521739130434782,0.052795031055900624,0.024844720496894408
485,2014,98,41,127,112,29,29,15,11,1074,364,,0.11263736263736264,0.3489010989010989,0.3076923076923077,0.07967032967032966,0.07967032967032966,0.04120879120879121,0.03021978021978022
486,2014,99,71,181,151,16,55,23,23,1563,520,,0.13653846153846153,0.34807692307692306,0.2903846153846154,0.03076923076923077,0.10576923076923077,0.04423076923076923,0.04423076923076923
2,2014,100,111,227,193,21,74,35,20,1600,681,3.0,0.16299559471365638,0.3333333333333333,0.2834067547723935,0.030837004405286344,0.10866372980910426,0.0513950073421439,0.02936857562408223
3,2014,101,67,202,76,64,60,36,15,1107,520,4.0,0.12884615384615383,0.38846153846153847,0.14615384615384616,0.12307692307692308,0.11538461538461539,0.06923076923076923,0.028846153846153848
4,2014,102,63,198,103,37,61,34,14,1197,510,5.0,0.12352941176470589,0.38823529411764707,0.2019607843137255,0.07254901960784314,0.11960784313725491,0.06666666666666667,0.027450980392156862
5,2014,103,76,185,150,25,43,37,18,1288,534,6.0,0.14232209737827714,0.3464419475655431,0.2808988764044944,0.04681647940074907,0.08052434456928839,0.06928838951310862,0.033707865168539325
6,2014,104,60,168,38,32,68,29,10,954,405,7.0,0.14814814814814814,0.4148148148148148,0.09382716049382717,0.07901234567901234,0.16790123456790124,0.07160493827160494,0.024691358024691357
7,2014,105,42,146,108,8,27,28,10,777,369,8.0,0.11382113821138211,0.3956639566395664,0.2926829268292683,0.02168021680216802,0.07317073170731707,0.07588075880758807,0.02710027100271003
8,2014,106,133,326,218,30,85,33,24,1924,849,9.0,0.15665488810365136,0.3839811542991755,0.25677267373380447,0.0353356890459364,0.10011778563015312,0.038869257950530034,0.028268551236749116
9,2014,107,59,151,123,19,63,28,14,1085,457,10.0,0.12910284463894967,0.3304157549234136,0.26914660831509846,0.04157549234135667,0.13785557986870897,0.061269146608315096,0.030634573304157548
10,2014,108,77,177,98,38,51,35,12,1106,488,11.0,0.15778688524590165,0.36270491803278687,0.20081967213114754,0.0778688524590164,0.10450819672131148,0.07172131147540983,0.02459016393442623
11,2014,109,67,252,196,41,89,33,22,1554,700,12.0,0.09571428571428571,0.36,0.28,0.05857142857142857,0.12714285714285714,0.047142857142857146,0.03142857142857143
13,2014,110,54,176,154,28,40,32,17,1113,501,14.0,0.10778443113772455,0.35129740518962077,0.3073852295409182,0.05588822355289421,0.07984031936127745,0.06387225548902195,0.033932135728542916
14,2014,111,105,328,200,38,69,32,21,1938,793,15.0,0.13240857503152584,0.4136191677175284,0.25220680958385877,0.04791929382093316,0.08701134930643127,0.0403530895334174,0.02648171500630517
15,2014,112,123,310,183,40,87,28,19,1985,790,16.0,0.15569620253164557,0.3924050632911392,0.23164556962025318,0.05063291139240506,0.11012658227848102,0.035443037974683546,0.024050632911392405
16,2014,113,78,333,226,31,71,33,24,1857,796,17.0,0.09798994974874371,0.4183417085427136,0.28391959798994976,0.038944723618090454,0.08919597989949749,0.0414572864321608,0.03015075376884422
17,2014,114,85,257,216,30,62,36,20,1669,706,18.0,0.12039660056657224,0.3640226628895184,0.3059490084985836,0.042492917847025496,0.08781869688385269,0.05099150141643059,0.028328611898016998
18,2014,115,112,296,221,36,95,23,26,2026,809,19.0,0.138442521631644,0.3658838071693449,0.273176761433869,0.04449938195302843,0.11742892459826947,0.02843016069221261,0.032138442521631644
19,2014,116,53,132,115,19,25,17,18,1153,379,20.0,0.13984168865435356,0.3482849604221636,0.3034300791556728,0.05013192612137203,0.06596306068601583,0.044854881266490766,0.047493403693931395
20,2014,117,98,231,217,18,49,25,17,1591,655,21.0,0.14961832061068703,0.3526717557251908,0.33129770992366414,0.02748091603053435,0.07480916030534351,0.03816793893129771,0.025954198473282442
21,2014,118,105,250,221,32,91,51,17,1640,767,22.0,0.13689700130378096,0.3259452411994785,0.288135593220339,0.041720990873533245,0.11864406779661017,0.06649282920469361,0.02216427640156454
22,2014,119,90,198,127,219,52,36,13,1603,735,23.0,0.12244897959183673,0.2693877551020408,0.1727891156462585,0.2979591836734694,0.0707482993197279,0.04897959183673469,0.017687074829931974
24,2014,120,64,317,119,31,46,26,13,1378,616,25.0,0.1038961038961039,0.5146103896103896,0.19318181818181818,0.05032467532467533,0.07467532467532467,0.04220779220779221,0.021103896103896104
25,2014,121,45,174,77,18,47,32,8,1073,401,26.0,0.11221945137157108,0.4339152119700748,0.19201995012468828,0.04488778054862843,0.1172069825436409,0.0798004987531172,0.0199501246882793
26,2014,122,80,160,80,40,52,32,16,1076,460,27.0,0.17391304347826086,0.34782608695652173,0.17391304347826086,0.08695652173913043,0.11304347826086956,0.06956521739130435,0.034782608695652174
27,2014,123,62,64,47,22,29,20,7,1099,251,28.0,0.24701195219123506,0.2549800796812749,0.18725099601593626,0.08764940239043825,0.11553784860557768,0.0796812749003984,0.027888446215139442
28,2014,124,123,220,128,76,68,29,13,1526,657,29.0,0.1872146118721461,0.334855403348554,0.1948249619482496,0.1156773211567732,0.1035007610350076,0.0441400304414003,0.0197869101978691
29,2014,125,135,254,220,30,60,57,27,1693,783,30.0,0.1724137931034483,0.3243933588761175,0.280970625798212,0.038314176245210725,0.07662835249042145,0.07279693486590039,0.034482758620689655
30,2014,126,37,109,83,14,54,43,19,842,359,31.0,0.10306406685236769,0.30362116991643456,0.23119777158774374,0.03899721448467967,0.15041782729805014,0.11977715877437325,0.052924791086350974
31,2014,127,61,208,167,10,57,15,19,1219,537,32.0,0.11359404096834265,0.38733705772811916,0.31098696461824954,0.0186219739292365,0.10614525139664804,0.027932960893854747,0.035381750465549346
32,2014,128,50,96,88,11,31,17,11,897,304,33.0,0.16447368421052633,0.3157894736842105,0.2894736842105263,0.03618421052631579,0.10197368421052631,0.05592105263157895,0.03618421052631579
33,2014,129,65,124,63,7,58,23,13,619,353,34.0,0.18413597733711048,0.35127478753541075,0.17847025495750707,0.019830028328611898,0.1643059490084986,0.06515580736543909,0.036827195467422094
35,2014,130,89,185,177,26,30,93,24,1485,624,36.0,0.14262820512820512,0.296474358974359,0.28365384615384615,0.041666666666666664,0.04807692307692308,0.14903846153846154,0.038461538461538464
36,2014,131,80,229,163,15,72,22,25,1409,606,37.0,0.132013201320132,0.3778877887788779,0.26897689768976896,0.024752475247524754,0.1188118811881188,0.036303630363036306,0.041254125412541254
37,2014,132,92,295,196,27,98,43,21,1777,772,38.0,0.11917098445595854,0.38212435233160624,0.2538860103626943,0.034974093264248704,0.12694300518134716,0.05569948186528497,0.027202072538860103
38,2014,133,45,172,102,8,55,16,12,780,410,39.0,0.10975609756097561,0.4195121951219512,0.24878048780487805,0.01951219512195122,0.13414634146341464,0.03902439024390244,0.02926829268292683
39,2014,134,45,112,117,18,44,14,21,1013,371,40.0,0.12129380053908356,0.3018867924528302,0.31536388140161725,0.04851752021563342,0.11859838274932614,0.03773584905660377,0.05660377358490566
40,2014,135,65,265,166,16,82,32,19,1315,645,41.0,0.10077519379844961,0.4108527131782946,0.25736434108527134,0.024806201550387597,0.12713178294573643,0.04961240310077519,0.02945736434108527
41,2014,136,62,101,119,11,55,13,14,860,375,42.0,0.16533333333333333,0.2693333333333333,0.31733333333333336,0.029333333333333333,0.14666666666666667,0.034666666666666665,0.037333333333333336
42,2014,137,39,108,59,24,42,23,23,716,318,43.0,0.12264150943396226,0.33962264150943394,0.18553459119496854,0.07547169811320754,0.1320754716981132,0.07232704402515723,0.07232704402515723
43,2014,138,68,111,74,11,30,15,20,759,329,45.0,0.2066869300911854,0.3373860182370821,0.22492401215805471,0.03343465045592705,0.0911854103343465,0.04559270516717325,0.060790273556231005
44,2014,139,83,130,93,15,65,14,12,947,412,45.0,0.20145631067961164,0.3155339805825243,0.22572815533980584,0.03640776699029126,0.15776699029126215,0.03398058252427184,0.02912621359223301
46,2014,140,84,192,133,13,75,37,16,1144,550,47.0,0.15272727272727274,0.3490909090909091,0.24181818181818182,0.023636363636363636,0.13636363636363635,0.06727272727272728,0.02909090909090909
47,2014,141,100,165,156,23,69,30,19,1354,562,48.0,0.17793594306049823,0.29359430604982206,0.2775800711743772,0.04092526690391459,0.12277580071174377,0.05338078291814947,0.033807829181494664
48,2014,142,96,205,115,25,66,26,13,1353,546,49.0,0.17582417582417584,0.37545787545787546,0.21062271062271062,0.045787545787545784,0.12087912087912088,0.047619047619047616,0.023809523809523808
49,2014,143,91,163,147,12,60,32,14,1115,519,50.0,0.17533718689788053,0.3140655105973025,0.2832369942196532,0.023121387283236993,0.11560693641618497,0.06165703275529865,0.02697495183044316
50,2014,144,62,140,127,18,51,21,13,1043,432,51.0,0.14351851851851852,0.32407407407407407,0.29398148148148145,0.041666666666666664,0.11805555555555555,0.04861111111111111,0.03009259259259259
51,2014,145,82,277,239,17,66,28,18,1532,727,52.0,0.11279229711141678,0.3810178817056396,0.328748280605227,0.023383768913342505,0.0907840440165062,0.03851444291609354,0.024759284731774415
52,2014,146,72,167,143,18,48,24,14,1324,486,53.0,0.14814814814814814,0.3436213991769547,0.294238683127572,0.037037037037037035,0.09876543209876543,0.04938271604938271,0.02880658436213992
53,2014,147,79,181,215,31,67,24,22,1333,619,54.0,0.12762520193861066,0.2924071082390953,0.3473344103392569,0.050080775444264945,0.10823909531502424,0.03877221324717286,0.035541195476575124
54,2014,148,97,189,159,17,75,24,24,1264,585,55.0,0.1658119658119658,0.3230769230769231,0.2717948717948718,0.02905982905982906,0.1282051282051282,0.041025641025641026,0.041025641025641026
55,2014,149,51,233,197,15,47,37,28,1232,608,56.0,0.08388157894736842,0.3832236842105263,0.32401315789473684,0.024671052631578948,0.07730263157894737,0.06085526315789474,0.046052631578947366
57,2014,150,102,348,244,26,60,30,50,1750,860,57.0,0.1186046511627907,0.4046511627906977,0.2837209302325581,0.030232558139534883,0.06976744186046512,0.03488372093023256,0.05813953488372093
58,2014,151,67,165,146,9,31,21,20,1039,459,58.0,0.14596949891067537,0.35947712418300654,0.31808278867102396,0.0196078431372549,0.06753812636165578,0.0457516339869281,0.04357298474945534
59,2014,152,51,211,126,8,62,24,33,1017,515,59.0,0.09902912621359224,0.4097087378640777,0.2446601941747573,0.015533980582524271,0.1203883495145631,0.04660194174757282,0.06407766990291262
60,2014,153,83,285,263,18,43,37,38,1585,767,60.0,0.10821382007822686,0.37157757496740546,0.3428943937418514,0.02346805736636245,0.0560625814863103,0.048239895697522815,0.04954367666232073
61,2014,154,106,317,200,20,64,46,29,1495,782,61.0,0.13554987212276215,0.4053708439897698,0.2557544757033248,0.02557544757033248,0.08184143222506395,0.058823529411764705,0.0370843989769821
62,2014,155,98,344,262,45,70,53,52,2064,924,62.0,0.10606060606060606,0.3722943722943723,0.28354978354978355,0.048701298701298704,0.07575757575757576,0.05735930735930736,0.05627705627705628
63,2014,156,128,342,210,38,91,46,50,1966,905,63.0,0.1414364640883978,0.37790055248618787,0.23204419889502761,0.041988950276243095,0.1005524861878453,0.05082872928176796,0.055248618784530384
64,2014,157,48,179,142,15,53,20,26,1150,483,63.0,0.09937888198757763,0.37060041407867494,0.2939958592132505,0.031055900621118012,0.10973084886128365,0.041407867494824016,0.053830227743271224
65,2014,158,55,158,144,10,42,21,21,1144,451,64.0,0.12195121951219512,0.35033259423503327,0.31929046563192903,0.022172949002217297,0.09312638580931264,0.04656319290465632,0.04656319290465632
66,2014,159,53,212,116,22,58,25,22,1078,508,66.0,0.10433070866141732,0.41732283464566927,0.2283464566929134,0.04330708661417323,0.1141732283464567,0.04921259842519685,0.04330708661417323
68,2014,160,46,176,144,7,18,14,20,1015,425,68.0,0.10823529411764705,0.41411764705882353,0.3388235294117647,0.01647058823529412,0.042352941176470586,0.03294117647058824,0.047058823529411764
69,2014,161,27,212,115,11,49,20,16,852,450,67.0,0.06,0.4711111111111111,0.25555555555555554,0.024444444444444446,0.10888888888888888,0.044444444444444446,0.035555555555555556
70,2014,162,39,149,80,14,24,14,14,715,334,68.0,0.11676646706586827,0.44610778443113774,0.23952095808383234,0.041916167664670656,0.0718562874251497,0.041916167664670656,0.041916167664670656
71,2014,163,63,253,183,19,52,26,40,1426,636,69.0,0.09905660377358491,0.3977987421383648,0.28773584905660377,0.029874213836477988,0.08176100628930817,0.040880503144654086,0.06289308176100629
72,2014,164,55,286,336,18,30,42,26,1872,793,70.0,0.06935687263556116,0.36065573770491804,0.42370744010088274,0.02269861286254729,0.03783102143757881,0.05296343001261034,0.03278688524590164
73,2014,165,83,365,229,30,36,84,60,1771,887,71.0,0.0935738444193912,0.41149943630214203,0.25817361894024804,0.033821871476888386,0.040586245772266064,0.09470124013528748,0.06764374295377677
74,2014,166,19,119,186,13,25,20,27,1233,409,72.0,0.04645476772616137,0.29095354523227385,0.4547677261613692,0.03178484107579462,0.061124694376528114,0.0488997555012225,0.06601466992665037
75,2014,167,42,168,178,16,28,33,38,952,503,73.0,0.08349900596421471,0.33399602385685884,0.3538767395626243,0.03180914512922465,0.055666003976143144,0.06560636182902585,0.07554671968190854
76,2014,168,29,136,138,8,18,13,23,749,365,74.0,0.07945205479452055,0.3726027397260274,0.3780821917808219,0.021917808219178082,0.049315068493150684,0.03561643835616438,0.06301369863013699
77,2014,169,36,186,97,6,55,32,25,947,437,75.0,0.08237986270022883,0.425629290617849,0.2219679633867277,0.013729977116704805,0.12585812356979406,0.07322654462242563,0.057208237986270026
79,2014,170,30,141,102,10,26,14,22,845,345,77.0,0.08695652173913043,0.40869565217391307,0.2956521739130435,0.028985507246376812,0.07536231884057971,0.04057971014492753,0.06376811594202898
80,2014,171,42,137,114,6,21,5,26,766,351,78.0,0.11965811965811966,0.3903133903133903,0.3247863247863248,0.017094017094017096,0.05982905982905983,0.014245014245014245,0.07407407407407407
81,2014,172,25,91,70,2,27,10,9,545,234,79.0,0.10683760683760683,0.3888888888888889,0.29914529914529914,0.008547008547008548,0.11538461538461539,0.042735042735042736,0.038461538461538464
82,2014,173,29,123,87,6,25,18,22,674,310,80.0,0.0935483870967742,0.3967741935483871,0.2806451612903226,0.01935483870967742,0.08064516129032258,0.05806451612903226,0.07096774193548387
83,2014,174,63,179,163,13,37,18,35,1048,508,81.0,0.12401574803149606,0.35236220472440943,0.32086614173228345,0.025590551181102362,0.07283464566929133,0.03543307086614173,0.0688976377952756
84,2014,175,100,353,239,25,66,48,72,1782,903,82.0,0.11074197120708748,0.3909191583610188,0.2646733111849391,0.02768549280177187,0.07308970099667775,0.053156146179401995,0.07973421926910298
85,2014,176,20,126,83,5,21,12,11,588,278,84.0,0.07194244604316546,0.45323741007194246,0.29856115107913667,0.017985611510791366,0.07553956834532374,0.04316546762589928,0.039568345323741004
86,2014,177,56,325,191,40,29,67,36,1465,744,85.0,0.07526881720430108,0.4368279569892473,0.2567204301075269,0.053763440860215055,0.038978494623655914,0.09005376344086022,0.04838709677419355
87,2014,178,110,328,232,34,57,53,68,1666,882,86.0,0.12471655328798185,0.37188208616780044,0.26303854875283444,0.03854875283446712,0.06462585034013606,0.060090702947845805,0.07709750566893424
88,2014,179,80,235,155,24,51,47,27,1466,619,87.0,0.12924071082390953,0.37964458804523427,0.25040387722132473,0.03877221324717286,0.08239095315024232,0.07592891760904685,0.04361873990306947
90,2014,180,29,151,93,22,44,18,19,950,376,88.0,0.07712765957446809,0.4015957446808511,0.2473404255319149,0.05851063829787234,0.11702127659574468,0.047872340425531915,0.05053191489361702
91,2014,181,53,296,105,32,72,43,42,1516,643,89.0,0.08242612752721618,0.4603421461897356,0.16329704510108864,0.049766718506998445,0.1119751166407465,0.06687402799377916,0.06531881804043546
92,2014,182,67,213,120,42,75,32,28,1299,577,90.0,0.11611785095320624,0.36915077989601386,0.20797227036395147,0.07279029462738301,0.12998266897746968,0.05545927209705372,0.04852686308492201
93,2014,183,62,186,100,26,61,18,28,1284,481,91.0,0.1288981288981289,0.3866943866943867,0.2079002079002079,0.05405405405405406,0.12681912681912683,0.037422037422037424,0.058212058212058215
94,2014,184,48,126,127,16,42,31,17,1206,407,83.0,0.11793611793611794,0.3095823095823096,0.31203931203931207,0.03931203931203931,0.10319410319410319,0.07616707616707617,0.04176904176904177
95,2014,185,94,267,174,37,78,57,37,1851,744,92.0,0.12634408602150538,0.3588709677419355,0.23387096774193547,0.04973118279569892,0.10483870967741936,0.07661290322580645,0.04973118279569892
96,2014,186,69,220,142,25,44,25,18,1219,543,93.0,0.1270718232044199,0.40515653775322286,0.26151012891344383,0.04604051565377532,0.08103130755064457,0.04604051565377532,0.03314917127071823
97,2014,187,79,187,199,24,32,42,26,1641,589,94.0,0.13412563667232597,0.3174872665534805,0.3378607809847199,0.04074702886247878,0.05432937181663837,0.07130730050933787,0.044142614601018676
98,2014,188,72,179,213,19,49,45,29,1513,606,95.0,0.1188118811881188,0.2953795379537954,0.35148514851485146,0.03135313531353135,0.08085808580858085,0.07425742574257425,0.04785478547854786
99,2014,189,57,157,111,14,28,35,27,1186,429,96.0,0.13286713286713286,0.36596736596736595,0.25874125874125875,0.03263403263403263,0.06526806526806526,0.08158508158508158,0.06293706293706294
101,2014,190,40,94,113,12,27,18,16,1073,320,97.0,0.125,0.29375,0.353125,0.0375,0.084375,0.05625,0.05
102,2014,191,79,202,309,22,35,37,26,1959,710,98.0,0.11126760563380282,0.28450704225352114,0.4352112676056338,0.030985915492957747,0.04929577464788732,0.05211267605633803,0.036619718309859155
103,2014,192,40,126,238,9,12,26,13,1359,464,98.0,0.08620689655172414,0.27155172413793105,0.5129310344827587,0.01939655172413793,0.02586206896551724,0.05603448275862069,0.028017241379310345
104,2014,193,66,230,382,31,32,55,51,2026,847,99.0,0.07792207792207792,0.2715466351829988,0.4510035419126328,0.03659976387249114,0.03778040141676505,0.06493506493506493,0.0602125147579693
105,2014,194,35,87,261,19,17,34,23,1223,476,100.0,0.07352941176470588,0.18277310924369747,0.5483193277310925,0.03991596638655462,0.03571428571428571,0.07142857142857142,0.04831932773109244
106,2014,195,35,94,177,17,13,22,17,1022,375,101.0,0.09333333333333334,0.25066666666666665,0.472,0.04533333333333334,0.034666666666666665,0.058666666666666666,0.04533333333333334
107,2014,196,55,238,238,12,33,28,14,1506,618,101.0,0.0889967637540453,0.3851132686084142,0.3851132686084142,0.019417475728155338,0.05339805825242718,0.045307443365695796,0.022653721682847898
108,2014,197,42,149,123,16,37,31,12,1015,410,102.0,0.1024390243902439,0.36341463414634145,0.3,0.03902439024390244,0.09024390243902439,0.07560975609756097,0.02926829268292683
109,2014,198,38,197,118,13,45,33,13,917,457,103.0,0.08315098468271334,0.4310722100656455,0.25820568927789933,0.028446389496717725,0.09846827133479212,0.07221006564551423,0.028446389496717725
110,2014,199,54,109,115,9,43,21,11,1023,362,104.0,0.14917127071823205,0.3011049723756906,0.31767955801104975,0.024861878453038673,0.11878453038674033,0.058011049723756904,0.03038674033149171
113,2014,200,97,308,185,26,74,43,47,1624,780,107.0,0.12435897435897436,0.39487179487179486,0.23717948717948717,0.03333333333333333,0.09487179487179487,0.05512820512820513,0.06025641025641026
114,2014,201,111,261,174,38,59,40,42,1742,725,108.0,0.15310344827586206,0.36,0.24,0.05241379310344828,0.08137931034482758,0.05517241379310345,0.057931034482758624
115,2014,202,66,250,238,21,84,41,57,1713,757,109.0,0.08718626155878467,0.33025099075297226,0.3143989431968296,0.02774108322324967,0.11096433289299867,0.05416116248348745,0.07529722589167767
116,2014,203,51,140,108,10,48,24,34,997,415,110.0,0.12289156626506025,0.3373493975903614,0.26024096385542167,0.024096385542168676,0.11566265060240964,0.05783132530120482,0.0819277108433735
117,2014,204,56,122,112,9,28,21,15,1217,363,111.0,0.15426997245179064,0.33608815426997246,0.3085399449035813,0.024793388429752067,0.07713498622589532,0.05785123966942149,0.04132231404958678
118,2014,205,108,326,261,30,80,56,38,2142,899,112.0,0.12013348164627363,0.36262513904338156,0.2903225806451613,0.03337041156840934,0.08898776418242492,0.06229143492769744,0.042269187986651836
119,2014,206,47,206,109,19,49,21,15,1170,466,113.0,0.10085836909871244,0.44206008583690987,0.23390557939914164,0.0407725321888412,0.10515021459227468,0.045064377682403435,0.032188841201716736
120,2014,207,77,154,138,19,38,44,24,1302,494,114.0,0.15587044534412955,0.3117408906882591,0.2793522267206478,0.038461538461538464,0.07692307692307693,0.08906882591093117,0.048582995951417005
121,2014,208,71,199,181,11,39,20,24,1359,545,115.0,0.13027522935779817,0.3651376146788991,0.3321100917431193,0.02018348623853211,0.07155963302752294,0.03669724770642202,0.044036697247706424
122,2014,209,66,237,263,11,28,30,19,1558,654,115.0,0.10091743119266056,0.3623853211009174,0.40214067278287463,0.016819571865443424,0.04281345565749235,0.045871559633027525,0.0290519877675841
124,2014,210,98,232,222,11,30,26,18,1430,637,116.0,0.15384615384615385,0.3642072213500785,0.34850863422291994,0.01726844583987441,0.04709576138147567,0.04081632653061224,0.0282574568288854
125,2014,211,61,144,149,11,30,8,19,970,422,117.0,0.14454976303317535,0.3412322274881517,0.35308056872037913,0.026066350710900472,0.07109004739336493,0.018957345971563982,0.045023696682464455
126,2014,212,68,191,186,11,48,25,29,1193,558,118.0,0.12186379928315412,0.34229390681003585,0.3333333333333333,0.01971326164874552,0.08602150537634409,0.044802867383512544,0.05197132616487455
127,2014,213,118,170,154,40,80,35,38,1511,635,119.0,0.1858267716535433,0.2677165354330709,0.24251968503937008,0.06299212598425197,0.12598425196850394,0.05511811023622047,0.05984251968503937
128,2014,214,145,170,111,34,51,30,38,1379,579,120.0,0.2504317789291883,0.29360967184801384,0.19170984455958548,0.05872193436960276,0.08808290155440414,0.05181347150259067,0.06563039723661486
129,2014,215,44,121,22,13,21,11,10,538,242,121.0,0.18181818181818182,0.5,0.09090909090909091,0.05371900826446281,0.08677685950413223,0.045454545454545456,0.04132231404958678
130,2014,216,128,80,167,13,35,14,19,1349,456,122.0,0.2807017543859649,0.17543859649122806,0.36622807017543857,0.02850877192982456,0.07675438596491228,0.03070175438596491,0.041666666666666664
131,2014,217,34,87,74,11,26,14,24,709,270,123.0,0.1259259259259259,0.32222222222222224,0.2740740740740741,0.040740740740740744,0.0962962962962963,0.05185185185185185,0.08888888888888889
132,2014,218,104,139,136,24,24,42,35,1308,504,124.0,0.20634920634920634,0.2757936507936508,0.2698412698412698,0.047619047619047616,0.047619047619047616,0.08333333333333333,0.06944444444444445
133,2014,219,132,111,247,16,36,37,36,1224,615,125.0,0.2146341463414634,0.18048780487804877,0.4016260162601626,0.026016260162601626,0.05853658536585366,0.06016260162601626,0.05853658536585366
135,2014,220,86,164,177,12,24,27,61,1323,551,127.0,0.1560798548094374,0.29764065335753176,0.32123411978221417,0.021778584392014518,0.043557168784029036,0.04900181488203267,0.11070780399274047
136,2014,221,92,160,162,23,55,37,34,1282,563,129.0,0.16341030195381884,0.2841918294849023,0.2877442273534636,0.04085257548845471,0.09769094138543517,0.06571936056838366,0.06039076376554174
137,2014,222,114,141,219,15,44,41,46,1516,620,130.0,0.18387096774193548,0.22741935483870968,0.3532258064516129,0.024193548387096774,0.07096774193548387,0.06612903225806452,0.07419354838709677
138,2014,223,41,59,170,8,28,6,9,676,321,131.0,0.1277258566978193,0.1838006230529595,0.5295950155763239,0.024922118380062305,0.08722741433021806,0.018691588785046728,0.028037383177570093
139,2014,224,12,41,152,12,18,14,7,712,256,132.0,0.046875,0.16015625,0.59375,0.046875,0.0703125,0.0546875,0.02734375
140,2014,225,53,63,174,4,54,14,7,815,369,133.0,0.14363143631436315,0.17073170731707318,0.4715447154471545,0.01084010840108401,0.14634146341463414,0.037940379403794036,0.018970189701897018
141,2014,226,18,34,63,2,16,11,4,629,148,134.0,0.12162162162162163,0.22972972972972974,0.42567567567567566,0.013513513513513514,0.10810810810810811,0.07432432432432433,0.02702702702702703
142,2014,227,63,131,200,8,69,29,6,1319,506,128.0,0.12450592885375494,0.25889328063241107,0.3952569169960474,0.015810276679841896,0.13636363636363635,0.05731225296442688,0.011857707509881422
143,2014,228,66,104,137,13,57,21,14,1139,412,136.0,0.16019417475728157,0.2524271844660194,0.3325242718446602,0.03155339805825243,0.1383495145631068,0.050970873786407765,0.03398058252427184
144,2014,229,56,211,261,6,43,50,23,1664,650,137.0,0.08615384615384615,0.32461538461538464,0.4015384615384615,0.009230769230769232,0.06615384615384616,0.07692307692307693,0.03538461538461538
146,2014,230,81,297,258,18,80,54,30,1971,818,138.0,0.09902200488997555,0.363080684596577,0.3154034229828851,0.022004889975550123,0.097799511002445,0.06601466992665037,0.03667481662591687
147,2014,231,280,245,216,13,39,40,15,1747,848,139.0,0.330188679245283,0.28891509433962265,0.25471698113207547,0.015330188679245283,0.045990566037735846,0.04716981132075472,0.01768867924528302
148,2014,232,60,216,153,22,37,37,28,1586,553,140.0,0.10849909584086799,0.39059674502712477,0.2766726943942134,0.039783001808318265,0.06690777576853527,0.06690777576853527,0.05063291139240506
149,2014,233,93,251,187,20,28,25,10,1299,614,141.0,0.15146579804560262,0.40879478827361565,0.30456026058631924,0.03257328990228013,0.04560260586319218,0.04071661237785016,0.016286644951140065
150,2014,234,37,237,99,18,36,33,11,1085,471,142.0,0.07855626326963906,0.5031847133757962,0.21019108280254778,0.03821656050955414,0.07643312101910828,0.07006369426751592,0.02335456475583864
151,2014,235,46,241,169,26,42,36,30,1210,590,143.0,0.07796610169491526,0.40847457627118644,0.2864406779661017,0.04406779661016949,0.0711864406779661,0.061016949152542375,0.05084745762711865
152,2014,236,63,326,157,34,56,51,27,1613,714,144.0,0.08823529411764706,0.4565826330532213,0.21988795518207283,0.047619047619047616,0.0784313725490196,0.07142857142857142,0.037815126050420166
153,2014,237,63,186,148,11,17,23,13,1232,461,145.0,0.13665943600867678,0.403470715835141,0.3210412147505423,0.02386117136659436,0.0368763557483731,0.049891540130151846,0.028199566160520606
154,2014,238,36,82,141,7,23,23,12,1089,324,146.0,0.1111111111111111,0.25308641975308643,0.4351851851851852,0.021604938271604937,0.07098765432098765,0.07098765432098765,0.037037037037037035
155,2014,239,110,237,303,23,46,52,30,1966,801,147.0,0.1373283395755306,0.2958801498127341,0.3782771535580524,0.02871410736579276,0.05742821473158552,0.06491885143570537,0.03745318352059925
157,2014,240,44,100,164,12,38,22,21,975,401,149.0,0.10972568578553615,0.24937655860349128,0.4089775561097257,0.029925187032418952,0.09476309226932668,0.05486284289276808,0.05236907730673317
158,2014,241,109,193,264,14,34,29,37,1595,680,149.0,0.16029411764705884,0.2838235294117647,0.38823529411764707,0.020588235294117647,0.05,0.04264705882352941,0.054411764705882354
159,2014,242,85,236,226,34,42,51,37,1637,711,150.0,0.11954992967651196,0.3319268635724332,0.3178621659634318,0.04781997187060478,0.05907172995780591,0.07172995780590717,0.052039381153305204
160,2014,243,46,148,287,13,15,33,14,1265,556,151.0,0.08273381294964029,0.26618705035971224,0.5161870503597122,0.023381294964028777,0.02697841726618705,0.05935251798561151,0.025179856115107913
161,2014,244,62,154,185,15,28,36,23,1334,503,152.0,0.12326043737574553,0.3061630218687873,0.36779324055666,0.02982107355864811,0.055666003976143144,0.07157057654075547,0.04572564612326044
162,2014,245,55,178,264,20,28,36,36,1428,617,153.0,0.08914100486223663,0.2884927066450567,0.42787682333873583,0.03241491085899514,0.04538087520259319,0.05834683954619125,0.05834683954619125
163,2014,246,50,112,139,7,24,13,26,903,371,154.0,0.1347708894878706,0.3018867924528302,0.3746630727762803,0.018867924528301886,0.0646900269541779,0.03504043126684636,0.07008086253369272
164,2014,247,44,117,164,19,23,26,15,971,408,155.0,0.10784313725490197,0.2867647058823529,0.4019607843137255,0.04656862745098039,0.056372549019607844,0.06372549019607843,0.03676470588235294
165,2014,248,92,164,193,19,26,38,28,1720,560,156.0,0.16428571428571428,0.29285714285714287,0.34464285714285714,0.033928571428571426,0.04642857142857143,0.06785714285714285,0.05
166,2014,249,98,173,139,20,44,49,27,1529,550,157.0,0.1781818181818182,0.3145454545454546,0.25272727272727274,0.03636363636363636,0.08,0.0890909090909091,0.04909090909090909
168,2014,250,71,89,134,14,24,30,16,1006,378,159.0,0.18783068783068782,0.23544973544973544,0.3544973544973545,0.037037037037037035,0.06349206349206349,0.07936507936507936,0.042328042328042326
169,2014,251,103,212,255,20,27,23,35,1928,675,164.0,0.15259259259259259,0.31407407407407406,0.37777777777777777,0.02962962962962963,0.04,0.034074074074074076,0.05185185185185185
170,2014,252,65,77,130,6,14,15,12,1046,319,163.0,0.20376175548589343,0.2413793103448276,0.40752351097178685,0.018808777429467086,0.0438871473354232,0.047021943573667714,0.03761755485893417
171,2014,253,94,214,268,35,41,34,21,2001,707,162.0,0.13295615275813297,0.3026874115983027,0.37906647807637905,0.04950495049504951,0.05799151343705799,0.04809052333804809,0.0297029702970297
172,2014,254,75,223,211,15,25,41,13,1577,603,160.0,0.12437810945273632,0.36981757877280264,0.34991708126036486,0.024875621890547265,0.04145936981757877,0.06799336650082918,0.02155887230514096
173,2014,255,64,127,101,19,34,15,17,1090,377,161.0,0.16976127320954906,0.33687002652519893,0.26790450928381965,0.050397877984084884,0.09018567639257294,0.03978779840848806,0.04509283819628647
174,2014,256,66,181,150,14,38,24,24,1184,497,165.0,0.13279678068410464,0.3641851106639839,0.30181086519114686,0.028169014084507043,0.07645875251509054,0.0482897384305835,0.0482897384305835
175,2014,257,142,235,231,37,57,55,25,2000,782,166.0,0.1815856777493606,0.30051150895140666,0.29539641943734013,0.04731457800511509,0.07289002557544758,0.07033248081841433,0.0319693094629156
176,2014,258,86,158,189,12,28,35,24,1527,532,167.0,0.16165413533834586,0.29699248120300753,0.35526315789473684,0.022556390977443608,0.05263157894736842,0.06578947368421052,0.045112781954887216
177,2014,259,64,180,122,25,41,39,21,1113,492,168.0,0.13008130081300814,0.36585365853658536,0.24796747967479674,0.0508130081300813,0.08333333333333333,0.07926829268292683,0.042682926829268296
179,2014,260,75,124,150,29,27,35,23,1101,463,169.0,0.16198704103671707,0.2678185745140389,0.32397408207343414,0.06263498920086392,0.058315334773218146,0.0755939524838013,0.04967602591792657
180,2014,261,81,99,124,16,30,17,23,1050,390,170.0,0.2076923076923077,0.25384615384615383,0.31794871794871793,0.041025641025641026,0.07692307692307693,0.04358974358974359,0.05897435897435897
181,2014,262,90,261,291,17,33,72,30,2006,794,170.0,0.11335012594458438,0.32871536523929473,0.36649874055415615,0.021410579345088162,0.041561712846347604,0.0906801007556675,0.037783375314861464
182,2014,263,88,220,245,23,42,50,14,2040,682,170.0,0.12903225806451613,0.3225806451612903,0.3592375366568915,0.03372434017595308,0.06158357771260997,0.07331378299120235,0.020527859237536656
183,2014,264,100,214,249,24,48,49,17,1781,701,171.0,0.14265335235378032,0.30527817403708984,0.35520684736091296,0.034236804564907276,0.06847360912981455,0.06990014265335236,0.024251069900142655
184,2014,265,116,147,154,12,29,21,18,1390,497,172.0,0.23340040241448692,0.29577464788732394,0.30985915492957744,0.02414486921529175,0.05835010060362173,0.04225352112676056,0.03621730382293763
185,2014,266,108,229,256,15,25,30,27,1716,690,173.0,0.1565217391304348,0.3318840579710145,0.3710144927536232,0.021739130434782608,0.036231884057971016,0.043478260869565216,0.0391304347826087
186,2014,267,91,127,143,12,14,21,12,1159,420,173.0,0.21666666666666667,0.30238095238095236,0.3404761904761905,0.02857142857142857,0.03333333333333333,0.05,0.02857142857142857
187,2014,268,60,135,166,13,28,18,18,1102,438,174.0,0.136986301369863,0.3082191780821918,0.3789954337899543,0.02968036529680365,0.0639269406392694,0.0410958904109589,0.0410958904109589
188,2014,269,25,98,74,10,16,34,7,1085,264,175.0,0.0946969696969697,0.3712121212121212,0.2803030303030303,0.03787878787878788,0.06060606060606061,0.12878787878787878,0.026515151515151516
190,2014,270,72,191,96,30,22,33,8,1452,452,176.0,0.1592920353982301,0.4225663716814159,0.21238938053097345,0.06637168141592921,0.048672566371681415,0.07300884955752213,0.017699115044247787
191,2014,271,70,214,359,27,22,36,36,1855,764,177.0,0.09162303664921466,0.2801047120418848,0.4698952879581152,0.03534031413612566,0.028795811518324606,0.04712041884816754,0.04712041884816754
192,2014,272,53,237,239,18,24,43,31,1444,645,178.0,0.08217054263565891,0.3674418604651163,0.3705426356589147,0.027906976744186046,0.037209302325581395,0.06666666666666667,0.04806201550387597
193,2014,273,64,218,263,21,25,46,31,1495,668,179.0,0.09580838323353294,0.3263473053892216,0.3937125748502994,0.03143712574850299,0.0374251497005988,0.0688622754491018,0.04640718562874251
194,2014,274,56,221,207,17,37,45,23,1400,606,179.0,0.0924092409240924,0.36468646864686466,0.3415841584158416,0.028052805280528052,0.06105610561056106,0.07425742574257425,0.037953795379537955
195,2014,275,69,172,166,13,34,21,26,1427,501,180.0,0.1377245508982036,0.34331337325349304,0.3313373253493014,0.02594810379241517,0.06786427145708583,0.041916167664670656,0.05189620758483034
196,2014,276,117,182,182,15,28,24,30,1461,578,181.0,0.20242214532871972,0.314878892733564,0.314878892733564,0.025951557093425604,0.04844290657439446,0.04152249134948097,0.05190311418685121
197,2014,277,49,126,151,18,17,19,20,1115,400,181.0,0.1225,0.315,0.3775,0.045,0.0425,0.0475,0.05
198,2014,278,106,275,270,23,39,52,16,2063,781,182.0,0.1357234314980794,0.352112676056338,0.34571062740076824,0.029449423815621,0.0499359795134443,0.06658130601792574,0.020486555697823303
199,2014,279,39,163,140,20,29,30,19,1082,440,183.0,0.08863636363636364,0.3704545454545455,0.3181818181818182,0.045454545454545456,0.0659090909090909,0.06818181818181818,0.04318181818181818
201,2014,280,31,213,108,10,17,27,17,1012,423,185.0,0.07328605200945626,0.5035460992907801,0.2553191489361702,0.02364066193853428,0.04018912529550828,0.06382978723404255,0.04018912529550828
202,2014,281,36,143,132,9,9,16,16,922,361,186.0,0.0997229916897507,0.3961218836565097,0.3656509695290859,0.024930747922437674,0.024930747922437674,0.0443213296398892,0.0443213296398892
203,2014,282,90,251,222,30,36,50,31,1916,710,187.0,0.1267605633802817,0.35352112676056335,0.3126760563380282,0.04225352112676056,0.05070422535211268,0.07042253521126761,0.04366197183098591
204,2014,283,48,153,129,10,14,21,14,966,389,188.0,0.12339331619537275,0.39331619537275064,0.33161953727506427,0.02570694087403599,0.03598971722365039,0.05398457583547558,0.03598971722365039
205,2014,284,79,157,132,17,22,21,20,1151,448,189.0,0.17633928571428573,0.35044642857142855,0.29464285714285715,0.03794642857142857,0.049107142857142856,0.046875,0.044642857142857144
206,2014,285,79,79,102,9,21,20,24,969,334,189.0,0.23652694610778444,0.23652694610778444,0.30538922155688625,0.02694610778443114,0.06287425149700598,0.059880239520958084,0.0718562874251497
207,2014,286,122,209,268,43,42,47,46,2052,777,190.0,0.15701415701415702,0.26898326898326896,0.34491634491634493,0.055341055341055344,0.05405405405405406,0.06048906048906049,0.059202059202059204
208,2014,287,114,178,183,18,24,41,35,1768,593,191.0,0.19224283305227655,0.30016863406408095,0.3086003372681282,0.03035413153456998,0.04047217537942664,0.06913996627318718,0.05902192242833052
209,2014,288,72,113,165,16,22,15,14,1136,417,192.0,0.17266187050359713,0.2709832134292566,0.39568345323741005,0.03836930455635491,0.05275779376498801,0.03597122302158273,0.03357314148681055
210,2014,289,75,151,190,28,27,19,33,1783,523,193.0,0.14340344168260039,0.2887189292543021,0.3632887189292543,0.05353728489483748,0.05162523900573614,0.036328871892925434,0.06309751434034416
212,2014,290,75,124,136,13,19,16,20,1050,403,195.0,0.18610421836228289,0.3076923076923077,0.337468982630273,0.03225806451612903,0.04714640198511166,0.03970223325062035,0.04962779156327544
213,2014,291,68,151,211,25,21,29,22,1265,527,196.0,0.12903225806451613,0.286527514231499,0.40037950664136623,0.04743833017077799,0.03984819734345351,0.05502846299810247,0.04174573055028463
214,2014,292,65,181,162,12,27,17,39,1263,503,197.0,0.12922465208747516,0.35984095427435386,0.3220675944333996,0.02385685884691849,0.0536779324055666,0.033797216699801194,0.0775347912524851
215,2014,293,38,125,146,15,22,26,15,883,387,197.0,0.09819121447028424,0.32299741602067183,0.3772609819121447,0.03875968992248062,0.056847545219638244,0.06718346253229975,0.03875968992248062
216,2014,294,70,200,240,29,24,52,41,1941,656,198.0,0.10670731707317073,0.3048780487804878,0.36585365853658536,0.04420731707317073,0.036585365853658534,0.07926829268292683,0.0625
217,2014,295,60,351,183,20,42,32,28,1816,716,199.0,0.08379888268156424,0.49022346368715086,0.25558659217877094,0.027932960893854747,0.05865921787709497,0.0446927374301676,0.03910614525139665
218,2014,296,42,195,181,5,26,25,17,1190,491,199.0,0.0855397148676171,0.3971486761710794,0.36863543788187375,0.010183299389002037,0.05295315682281059,0.05091649694501019,0.034623217922606926
219,2014,297,26,125,96,7,16,25,9,741,304,200.0,0.08552631578947369,0.41118421052631576,0.3157894736842105,0.023026315789473683,0.05263157894736842,0.08223684210526316,0.029605263157894735
220,2014,298,23,108,74,8,13,9,7,579,242,201.0,0.09504132231404959,0.4462809917355372,0.30578512396694213,0.03305785123966942,0.05371900826446281,0.0371900826446281,0.028925619834710745
221,2014,299,69,387,245,23,26,45,17,1732,812,202.0,0.08497536945812807,0.4766009852216749,0.3017241379310345,0.02832512315270936,0.03201970443349754,0.05541871921182266,0.020935960591133004
224,2014,300,98,142,162,18,41,25,25,1434,511,205.0,0.1917808219178082,0.27788649706457924,0.31702544031311153,0.03522504892367906,0.08023483365949119,0.04892367906066536,0.04892367906066536
225,2014,301,81,158,201,17,26,25,26,1689,534,206.0,0.15168539325842698,0.2958801498127341,0.37640449438202245,0.031835205992509365,0.04868913857677903,0.04681647940074907,0.04868913857677903
226,2014,302,53,132,159,18,16,26,11,1312,415,207.0,0.12771084337349398,0.3180722891566265,0.38313253012048193,0.043373493975903614,0.03855421686746988,0.06265060240963856,0.02650602409638554
227,2014,303,49,96,129,14,13,14,15,1350,330,207.0,0.1484848484848485,0.2909090909090909,0.39090909090909093,0.04242424242424243,0.03939393939393939,0.04242424242424243,0.045454545454545456
228,2014,304,83,144,148,18,30,12,25,1367,460,208.0,0.18043478260869567,0.3130434782608696,0.3217391304347826,0.0391304347826087,0.06521739130434782,0.02608695652173913,0.05434782608695652
229,2014,305,132,201,233,25,52,32,37,1866,712,209.0,0.1853932584269663,0.28230337078651685,0.32724719101123595,0.0351123595505618,0.07303370786516854,0.0449438202247191,0.05196629213483146
230,2014,306,69,110,154,18,13,13,19,1217,396,210.0,0.17424242424242425,0.2777777777777778,0.3888888888888889,0.045454545454545456,0.03282828282828283,0.03282828282828283,0.047979797979797977
231,2014,307,61,87,124,21,49,15,19,1032,376,211.0,0.1622340425531915,0.23138297872340424,0.32978723404255317,0.05585106382978723,0.13031914893617022,0.0398936170212766,0.05053191489361702
232,2014,308,93,122,147,37,48,32,31,1321,510,211.0,0.18235294117647058,0.23921568627450981,0.28823529411764703,0.07254901960784314,0.09411764705882353,0.06274509803921569,0.060784313725490195
233,2014,309,91,165,161,34,43,32,27,1578,553,169.0,0.16455696202531644,0.298372513562387,0.2911392405063291,0.06148282097649186,0.07775768535262206,0.05786618444846293,0.048824593128390596
235,2014,310,79,122,169,18,47,34,26,1183,495,169.0,0.1595959595959596,0.24646464646464647,0.3414141414141414,0.03636363636363636,0.09494949494949495,0.06868686868686869,0.052525252525252523
236,2014,311,81,157,116,39,57,30,21,1164,501,213.0,0.16167664670658682,0.313373253493014,0.2315369261477046,0.07784431137724551,0.11377245508982035,0.059880239520958084,0.041916167664670656
237,2014,312,205,175,223,43,78,65,36,1949,825,213.0,0.24848484848484848,0.21212121212121213,0.2703030303030303,0.052121212121212124,0.09454545454545454,0.07878787878787878,0.04363636363636364
238,2014,313,89,121,103,9,31,34,12,955,399,214.0,0.22305764411027568,0.3032581453634085,0.2581453634085213,0.022556390977443608,0.07769423558897243,0.08521303258145363,0.03007518796992481
239,2014,314,128,103,105,24,35,42,18,1217,455,215.0,0.2813186813186813,0.22637362637362637,0.23076923076923078,0.05274725274725275,0.07692307692307693,0.09230769230769231,0.03956043956043956
240,2014,315,126,86,133,19,11,26,10,1147,411,216.0,0.30656934306569344,0.20924574209245742,0.3236009732360097,0.046228710462287104,0.0267639902676399,0.06326034063260341,0.024330900243309004
241,2014,316,102,45,124,6,7,24,9,1110,317,217.0,0.3217665615141956,0.14195583596214512,0.3911671924290221,0.01892744479495268,0.022082018927444796,0.07570977917981073,0.028391167192429023
242,2014,317,43,86,127,20,33,23,19,886,351,218.0,0.1225071225071225,0.245014245014245,0.36182336182336183,0.05698005698005698,0.09401709401709402,0.06552706552706553,0.05413105413105413
243,2014,318,65,146,145,21,50,23,41,1139,491,219.0,0.13238289205702647,0.2973523421588595,0.2953156822810591,0.04276985743380855,0.10183299389002037,0.04684317718940937,0.0835030549898167
244,2014,319,18,74,66,9,22,5,12,584,206,220.0,0.08737864077669903,0.3592233009708738,0.32038834951456313,0.043689320388349516,0.10679611650485436,0.024271844660194174,0.05825242718446602
246,2014,320,31,98,110,19,49,24,16,863,347,222.0,0.0893371757925072,0.2824207492795389,0.3170028818443804,0.05475504322766571,0.14121037463976946,0.069164265129683,0.04610951008645533
247,2014,321,43,89,94,15,45,27,35,913,348,223.0,0.1235632183908046,0.2557471264367816,0.27011494252873564,0.04310344827586207,0.12931034482758622,0.07758620689655173,0.10057471264367816
248,2014,322,45,47,50,37,23,14,15,496,231,224.0,0.19480519480519481,0.20346320346320346,0.21645021645021645,0.16017316017316016,0.09956709956709957,0.06060606060606061,0.06493506493506493
249,2014,323,41,49,51,10,31,21,17,612,220,225.0,0.18636363636363637,0.22272727272727272,0.2318181818181818,0.045454545454545456,0.1409090909090909,0.09545454545454546,0.07727272727272727
250,2014,324,49,134,110,24,55,22,29,1201,423,226.0,0.11583924349881797,0.31678486997635935,0.26004728132387706,0.05673758865248227,0.13002364066193853,0.05200945626477541,0.06855791962174941
251,2014,325,38,75,66,14,38,16,33,734,280,227.0,0.1357142857142857,0.26785714285714285,0.2357142857142857,0.05,0.1357142857142857,0.05714285714285714,0.11785714285714285
252,2014,326,22,50,75,5,22,19,25,719,218,228.0,0.10091743119266056,0.22935779816513763,0.3440366972477064,0.022935779816513763,0.10091743119266056,0.0871559633027523,0.11467889908256881
253,2014,327,56,132,89,22,48,19,20,1050,386,229.0,0.14507772020725387,0.34196891191709844,0.23056994818652848,0.05699481865284974,0.12435233160621761,0.04922279792746114,0.05181347150259067
254,2014,328,51,135,121,14,56,21,30,1307,428,230.0,0.1191588785046729,0.31542056074766356,0.2827102803738318,0.03271028037383177,0.1308411214953271,0.04906542056074766,0.07009345794392523
255,2014,329,104,302,255,36,59,52,41,2026,849,230.0,0.12249705535924617,0.35571260306242636,0.3003533568904594,0.04240282685512368,0.06949352179034157,0.061248527679623084,0.048292108362779744
257,2014,330,51,129,258,11,11,10,18,1413,488,232.0,0.10450819672131148,0.26434426229508196,0.5286885245901639,0.022540983606557378,0.022540983606557378,0.020491803278688523,0.036885245901639344
258,2014,331,55,89,70,11,53,19,18,719,315,233.0,0.1746031746031746,0.28253968253968254,0.2222222222222222,0.03492063492063492,0.16825396825396827,0.06031746031746032,0.05714285714285714
259,2014,332,26,146,152,10,25,41,16,1183,416,236.0,0.0625,0.35096153846153844,0.36538461538461536,0.02403846153846154,0.06009615384615385,0.0985576923076923,0.038461538461538464
260,2014,333,51,241,146,27,33,32,116,1725,646,234.0,0.07894736842105263,0.37306501547987614,0.2260061919504644,0.04179566563467492,0.05108359133126935,0.04953560371517028,0.17956656346749225
261,2014,334,76,175,122,20,18,18,12,1077,441,235.0,0.17233560090702948,0.3968253968253968,0.2766439909297052,0.045351473922902494,0.04081632653061224,0.04081632653061224,0.027210884353741496
262,2014,335,79,166,109,19,25,25,8,1260,431,236.0,0.18329466357308585,0.3851508120649652,0.2529002320185615,0.04408352668213457,0.058004640371229696,0.058004640371229696,0.018561484918793503
263,2014,336,53,152,149,24,47,34,21,1596,480,237.0,0.11041666666666666,0.31666666666666665,0.3104166666666667,0.05,0.09791666666666667,0.07083333333333333,0.04375
264,2014,337,86,326,345,21,39,40,23,2038,880,238.0,0.09772727272727273,0.3704545454545455,0.39204545454545453,0.023863636363636365,0.04431818181818182,0.045454545454545456,0.026136363636363635
265,2014,338,72,199,96,12,42,19,14,1104,454,239.0,0.15859030837004406,0.43832599118942733,0.21145374449339208,0.02643171806167401,0.09251101321585903,0.04185022026431718,0.030837004405286344
266,2014,339,64,176,153,15,14,23,9,1284,454,240.0,0.14096916299559473,0.3876651982378855,0.3370044052863436,0.03303964757709251,0.030837004405286344,0.05066079295154185,0.019823788546255508
268,2014,340,97,386,286,34,54,51,37,2174,945,241.0,0.10264550264550265,0.4084656084656085,0.30264550264550266,0.03597883597883598,0.05714285714285714,0.05396825396825397,0.039153439153439155
269,2014,341,33,201,134,14,21,29,16,1078,448,241.0,0.07366071428571429,0.4486607142857143,0.29910714285714285,0.03125,0.046875,0.06473214285714286,0.03571428571428571
270,2014,342,45,239,166,13,19,25,11,1250,518,242.0,0.08687258687258688,0.4613899613899614,0.3204633204633205,0.025096525096525095,0.03667953667953668,0.04826254826254826,0.021235521235521235
271,2014,343,56,211,167,10,24,15,21,1184,504,243.0,0.1111111111111111,0.41865079365079366,0.33134920634920634,0.01984126984126984,0.047619047619047616,0.02976190476190476,0.041666666666666664
272,2014,344,37,164,149,12,23,19,12,1065,416,244.0,0.0889423076923077,0.3942307692307692,0.3581730769230769,0.028846153846153848,0.055288461538461536,0.04567307692307692,0.028846153846153848
273,2014,345,37,216,132,11,13,14,10,1047,433,245.0,0.08545034642032333,0.49884526558891457,0.30484988452655887,0.025404157043879907,0.03002309468822171,0.03233256351039261,0.023094688221709007
274,2014,346,52,189,142,28,20,19,25,1174,475,246.0,0.10947368421052632,0.39789473684210525,0.29894736842105263,0.05894736842105263,0.042105263157894736,0.04,0.05263157894736842
275,2014,347,9,74,102,6,6,20,5,621,222,247.0,0.04054054054054054,0.3333333333333333,0.4594594594594595,0.02702702702702703,0.02702702702702703,0.09009009009009009,0.02252252252252252
276,2014,348,21,174,113,12,37,29,12,777,398,253.0,0.052763819095477386,0.4371859296482412,0.28391959798994976,0.03015075376884422,0.09296482412060302,0.0728643216080402,0.03015075376884422
277,2014,349,91,175,333,33,19,47,27,2005,725,248.0,0.12551724137931033,0.2413793103448276,0.4593103448275862,0.04551724137931035,0.02620689655172414,0.06482758620689655,0.037241379310344824
279,2014,350,89,142,268,32,22,23,17,1513,593,250.0,0.15008431703204048,0.23946037099494097,0.45193929173693087,0.05396290050590219,0.03709949409780776,0.0387858347386172,0.02866779089376054
280,2014,351,64,127,227,22,10,19,14,1352,483,251.0,0.13250517598343686,0.2629399585921325,0.4699792960662526,0.045548654244306416,0.020703933747412008,0.039337474120082816,0.028985507246376812
281,2014,352,104,201,302,23,22,22,54,1551,728,252.0,0.14285714285714285,0.2760989010989011,0.41483516483516486,0.03159340659340659,0.03021978021978022,0.03021978021978022,0.07417582417582418
282,2014,353,98,200,285,32,25,26,29,1541,695,254.0,0.1410071942446043,0.28776978417266186,0.41007194244604317,0.0460431654676259,0.03597122302158273,0.03741007194244604,0.041726618705035974
283,2014,354,99,170,195,28,20,22,16,1367,550,255.0,0.18,0.3090909090909091,0.35454545454545455,0.05090909090909091,0.03636363636363636,0.04,0.02909090909090909
284,2014,355,101,255,196,60,32,53,26,1607,723,256.0,0.1396957123098202,0.35269709543568467,0.2710926694329184,0.08298755186721991,0.04426002766251729,0.07330567081604426,0.035961272475795295
285,2014,356,51,90,180,20,17,30,20,1201,408,257.0,0.125,0.22058823529411764,0.4411764705882353,0.049019607843137254,0.041666666666666664,0.07352941176470588,0.049019607843137254
286,2014,357,68,124,193,24,9,33,15,1352,466,258.0,0.1459227467811159,0.26609442060085836,0.41416309012875535,0.05150214592274678,0.019313304721030045,0.07081545064377683,0.032188841201716736
287,2014,358,74,130,173,18,20,29,13,1173,457,258.0,0.16192560175054704,0.2844638949671772,0.3785557986870897,0.03938730853391685,0.0437636761487965,0.06345733041575492,0.028446389496717725
288,2014,359,64,211,202,27,27,43,18,1471,592,260.0,0.10810810810810811,0.3564189189189189,0.34121621621621623,0.04560810810810811,0.04560810810810811,0.07263513513513513,0.030405405405405407
290,2014,360,90,159,267,12,9,31,21,1561,589,262.0,0.15280135823429541,0.2699490662139219,0.4533106960950764,0.02037351443123939,0.015280135823429542,0.05263157894736842,0.035653650254668934
291,2014,361,119,224,349,22,21,27,25,1928,787,263.0,0.15120711562897077,0.2846251588310038,0.4434561626429479,0.02795425667090216,0.026683608640406607,0.03430749682337993,0.03176620076238882
292,2014,362,59,140,196,18,19,8,18,1254,458,264.0,0.12882096069868995,0.3056768558951965,0.4279475982532751,0.039301310043668124,0.04148471615720524,0.017467248908296942,0.039301310043668124
293,2014,363,72,200,234,29,20,49,30,1760,634,265.0,0.11356466876971609,0.31545741324921134,0.36908517350157727,0.04574132492113565,0.031545741324921134,0.07728706624605679,0.0473186119873817
294,2014,364,104,303,344,37,29,59,25,1849,901,266.0,0.11542730299667037,0.3362930077691454,0.38179800221975585,0.041065482796892344,0.03218645948945616,0.06548279689234185,0.02774694783573807
295,2014,365,87,156,378,14,15,32,18,1566,700,267.0,0.12428571428571429,0.22285714285714286,0.54,0.02,0.02142857142857143,0.045714285714285714,0.025714285714285714
296,2014,366,106,150,185,25,27,22,14,1278,529,268.0,0.2003780718336484,0.2835538752362949,0.3497164461247637,0.04725897920604915,0.05103969754253308,0.04158790170132325,0.026465028355387523
297,2014,367,32,78,128,11,9,14,13,1107,285,267.0,0.11228070175438597,0.2736842105263158,0.44912280701754387,0.03859649122807018,0.031578947368421054,0.04912280701754386,0.0456140350877193
298,2014,368,82,147,235,20,17,26,23,1444,550,270.0,0.14909090909090908,0.2672727272727273,0.42727272727272725,0.03636363636363636,0.03090909090909091,0.04727272727272727,0.04181818181818182
299,2014,369,41,83,196,17,13,22,13,1071,385,271.0,0.10649350649350649,0.21558441558441557,0.509090909090909,0.04415584415584416,0.033766233766233764,0.05714285714285714,0.033766233766233764
301,2014,370,109,90,167,13,10,7,12,1245,408,273.0,0.26715686274509803,0.22058823529411764,0.40931372549019607,0.031862745098039214,0.024509803921568627,0.01715686274509804,0.029411764705882353
302,2014,371,103,219,272,23,19,34,25,1859,695,274.0,0.14820143884892087,0.31510791366906477,0.39136690647482014,0.033093525179856115,0.027338129496402876,0.04892086330935252,0.03597122302158273
303,2014,372,107,124,322,26,10,37,23,2057,649,275.0,0.16486902927580893,0.19106317411402157,0.49614791987673346,0.040061633281972264,0.015408320493066256,0.05701078582434515,0.03543913713405239
304,2014,373,89,142,182,16,18,22,24,1739,493,276.0,0.18052738336713997,0.2880324543610548,0.3691683569979716,0.032454361054766734,0.036511156186612576,0.04462474645030426,0.0486815415821501
305,2014,374,105,155,277,38,25,44,27,1979,671,277.0,0.15648286140089418,0.23099850968703428,0.4128166915052161,0.05663189269746647,0.037257824143070044,0.06557377049180328,0.040238450074515646
306,2014,375,98,191,354,36,24,55,28,1933,786,278.0,0.12468193384223919,0.2430025445292621,0.45038167938931295,0.04580152671755725,0.030534351145038167,0.06997455470737914,0.035623409669211195
307,2014,376,39,106,188,19,15,14,16,1164,397,278.0,0.0982367758186398,0.26700251889168763,0.473551637279597,0.04785894206549118,0.037783375314861464,0.03526448362720403,0.04030226700251889
308,2014,377,48,117,174,20,14,20,15,1057,408,279.0,0.11764705882352941,0.2867647058823529,0.4264705882352941,0.049019607843137254,0.03431372549019608,0.049019607843137254,0.03676470588235294
309,2014,378,42,133,166,33,25,22,20,1054,441,280.0,0.09523809523809523,0.30158730158730157,0.3764172335600907,0.07482993197278912,0.05668934240362812,0.049886621315192746,0.045351473922902494
310,2014,379,47,131,192,16,18,12,28,1165,444,280.0,0.10585585585585586,0.29504504504504503,0.43243243243243246,0.036036036036036036,0.04054054054054054,0.02702702702702703,0.06306306306306306
312,2014,380,32,71,165,8,10,14,14,1011,314,282.0,0.10191082802547771,0.22611464968152867,0.5254777070063694,0.025477707006369428,0.03184713375796178,0.044585987261146494,0.044585987261146494
313,2014,381,33,89,156,11,16,14,24,1230,343,283.0,0.09620991253644315,0.2594752186588921,0.45481049562682213,0.03206997084548105,0.04664723032069971,0.04081632653061224,0.06997084548104957
314,2014,382,52,105,191,13,13,19,34,1391,427,284.0,0.12177985948477751,0.2459016393442623,0.44730679156908665,0.03044496487119438,0.03044496487119438,0.04449648711943794,0.07962529274004684
315,2014,383,90,173,273,30,25,38,34,1800,663,285.0,0.13574660633484162,0.2609351432880845,0.4117647058823529,0.04524886877828054,0.03770739064856712,0.05731523378582202,0.05128205128205128
316,2014,384,51,114,246,15,18,26,30,1372,500,286.0,0.102,0.228,0.492,0.03,0.036,0.052,0.06
317,2014,385,52,125,233,25,12,30,29,1433,506,287.0,0.10276679841897234,0.24703557312252963,0.46047430830039526,0.04940711462450593,0.023715415019762844,0.05928853754940711,0.05731225296442688
318,2014,386,32,82,147,10,8,22,8,1134,309,288.0,0.10355987055016182,0.26537216828478966,0.47572815533980584,0.032362459546925564,0.025889967637540454,0.07119741100323625,0.025889967637540454
319,2014,387,28,55,114,10,1,19,8,1033,235,289.0,0.11914893617021277,0.23404255319148937,0.4851063829787234,0.0425531914893617,0.00425531914893617,0.08085106382978724,0.03404255319148936
320,2014,388,56,117,257,17,17,32,26,1733,522,290.0,0.10727969348659004,0.22413793103448276,0.49233716475095785,0.032567049808429116,0.032567049808429116,0.06130268199233716,0.04980842911877394
321,2014,389,70,120,159,13,14,17,19,1095,412,291.0,0.16990291262135923,0.2912621359223301,0.3859223300970874,0.03155339805825243,0.03398058252427184,0.0412621359223301,0.04611650485436893
323,2014,390,80,122,188,16,9,11,19,1078,445,293.0,0.1797752808988764,0.27415730337078653,0.42247191011235957,0.035955056179775284,0.020224719101123594,0.024719101123595506,0.04269662921348315
324,2014,391,59,124,210,12,13,16,18,1334,452,294.0,0.13053097345132744,0.2743362831858407,0.4646017699115044,0.02654867256637168,0.028761061946902654,0.035398230088495575,0.03982300884955752
325,2014,392,59,120,215,26,19,22,24,1574,485,297.0,0.12164948453608247,0.24742268041237114,0.44329896907216493,0.05360824742268041,0.03917525773195876,0.04536082474226804,0.049484536082474224
326,2014,393,38,128,159,15,15,27,19,1068,401,295.0,0.09476309226932668,0.3192019950124688,0.39650872817955113,0.03740648379052369,0.03740648379052369,0.06733167082294264,0.04738154613466334
327,2014,394,63,142,256,25,3,17,24,1266,530,296.0,0.11886792452830189,0.2679245283018868,0.4830188679245283,0.04716981132075472,0.005660377358490566,0.03207547169811321,0.045283018867924525
328,2014,395,30,79,182,23,10,17,13,1042,354,298.0,0.0847457627118644,0.2231638418079096,0.5141242937853108,0.06497175141242938,0.02824858757062147,0.0480225988700565,0.03672316384180791
329,2014,396,57,111,127,16,16,27,26,1307,380,299.0,0.15,0.29210526315789476,0.33421052631578946,0.042105263157894736,0.042105263157894736,0.07105263157894737,0.06842105263157895
330,2014,397,24,36,59,19,4,8,8,497,158,300.0,0.1518987341772152,0.22784810126582278,0.37341772151898733,0.12025316455696203,0.02531645569620253,0.05063291139240506,0.05063291139240506
331,2014,398,53,94,208,15,28,52,25,1175,475,301.0,0.11157894736842106,0.19789473684210526,0.4378947368421053,0.031578947368421054,0.05894736842105263,0.10947368421052632,0.05263157894736842
332,2014,399,57,116,159,15,15,43,21,1089,426,301.0,0.13380281690140844,0.27230046948356806,0.3732394366197183,0.035211267605633804,0.035211267605633804,0.10093896713615023,0.04929577464788732
335,2014,400,32,98,97,31,43,37,15,1009,353,303.0,0.0906515580736544,0.2776203966005666,0.2747875354107649,0.08781869688385269,0.12181303116147309,0.1048158640226629,0.042492917847025496
336,2014,401,42,93,236,18,15,27,27,1329,458,304.0,0.09170305676855896,0.20305676855895197,0.5152838427947598,0.039301310043668124,0.03275109170305677,0.05895196506550218,0.05895196506550218
337,2014,402,65,158,295,56,33,37,32,2130,676,305.0,0.09615384615384616,0.23372781065088757,0.4363905325443787,0.08284023668639054,0.04881656804733728,0.05473372781065089,0.047337278106508875
338,2014,403,60,102,192,28,19,19,22,1546,442,306.0,0.13574660633484162,0.23076923076923078,0.4343891402714932,0.06334841628959276,0.042986425339366516,0.042986425339366516,0.049773755656108594
339,2014,404,41,118,232,23,12,16,34,1802,476,306.0,0.0861344537815126,0.24789915966386555,0.48739495798319327,0.04831932773109244,0.025210084033613446,0.03361344537815126,0.07142857142857142
340,2014,405,43,87,207,17,11,28,25,1414,418,308.0,0.10287081339712918,0.20813397129186603,0.49521531100478466,0.04066985645933014,0.02631578947368421,0.06698564593301436,0.05980861244019139
341,2014,406,100,49,100,10,13,22,12,660,306,311.0,0.32679738562091504,0.16013071895424835,0.32679738562091504,0.032679738562091505,0.042483660130718956,0.0718954248366013,0.0392156862745098
342,2014,407,88,107,215,20,26,25,32,1680,513,308.0,0.17153996101364521,0.20857699805068225,0.4191033138401559,0.03898635477582846,0.050682261208576995,0.04873294346978557,0.06237816764132553
343,2014,408,34,37,137,13,8,8,17,892,254,309.0,0.13385826771653545,0.14566929133858267,0.5393700787401575,0.051181102362204724,0.031496062992125984,0.031496062992125984,0.06692913385826772
344,2014,409,58,69,162,31,19,24,13,1396,376,308.0,0.15425531914893617,0.18351063829787234,0.4308510638297872,0.08244680851063829,0.05053191489361702,0.06382978723404255,0.034574468085106384
346,2014,410,102,178,233,28,22,31,9,1730,603,312.0,0.1691542288557214,0.29519071310116085,0.3864013266998342,0.04643449419568822,0.03648424543946932,0.05140961857379768,0.014925373134328358
347,2014,411,93,157,247,12,22,24,19,1776,574,313.0,0.16202090592334495,0.2735191637630662,0.43031358885017423,0.020905923344947737,0.03832752613240418,0.041811846689895474,0.033101045296167246
348,2014,412,189,232,378,40,30,60,46,2117,975,314.0,0.19384615384615383,0.23794871794871794,0.38769230769230767,0.041025641025641026,0.03076923076923077,0.06153846153846154,0.04717948717948718
349,2014,413,58,114,125,37,18,19,12,1047,383,315.0,0.1514360313315927,0.29765013054830286,0.3263707571801567,0.09660574412532637,0.04699738903394256,0.04960835509138381,0.031331592689295036
350,2014,414,97,123,295,31,23,30,23,1519,622,315.0,0.15594855305466238,0.1977491961414791,0.4742765273311897,0.04983922829581994,0.03697749196141479,0.04823151125401929,0.03697749196141479
351,2014,415,45,36,208,3,5,9,6,752,312,315.0,0.14423076923076922,0.11538461538461539,0.6666666666666666,0.009615384615384616,0.016025641025641024,0.028846153846153848,0.019230769230769232
352,2014,416,85,97,407,16,14,31,23,2042,673,318.0,0.1263001485884101,0.14413075780089152,0.6047548291233283,0.0237741456166419,0.020802377414561663,0.04606240713224369,0.03417533432392273
353,2014,417,59,90,179,16,23,17,12,1219,396,319.0,0.14898989898989898,0.22727272727272727,0.45202020202020204,0.04040404040404041,0.05808080808080808,0.04292929292929293,0.030303030303030304
354,2014,418,33,96,245,15,18,26,18,1434,451,320.0,0.07317073170731707,0.21286031042128603,0.5432372505543237,0.03325942350332594,0.03991130820399113,0.057649667405764965,0.03991130820399113
355,2014,419,116,178,212,52,48,39,38,1936,683,320.0,0.1698389458272328,0.26061493411420206,0.3103953147877013,0.07613469985358712,0.07027818448023426,0.05710102489019034,0.055636896046852125
357,2014,420,65,138,204,13,44,35,19,1611,518,322.0,0.12548262548262548,0.26640926640926643,0.3938223938223938,0.025096525096525095,0.08494208494208494,0.06756756756756757,0.03667953667953668
358,2014,421,57,98,128,23,25,27,19,1219,377,323.0,0.15119363395225463,0.259946949602122,0.3395225464190981,0.0610079575596817,0.06631299734748011,0.07161803713527852,0.050397877984084884
359,2014,422,53,130,159,28,38,27,29,1298,464,324.0,0.11422413793103449,0.2801724137931034,0.3426724137931034,0.0603448275862069,0.08189655172413793,0.05818965517241379,0.0625
360,2014,423,79,137,219,29,30,30,25,1669,549,324.0,0.14389799635701275,0.2495446265938069,0.3989071038251366,0.052823315118397086,0.0546448087431694,0.0546448087431694,0.04553734061930783
361,2014,424,44,147,157,27,24,33,21,1041,453,324.0,0.09713024282560706,0.32450331125827814,0.3465783664459161,0.059602649006622516,0.052980132450331126,0.0728476821192053,0.046357615894039736
362,2014,425,75,167,202,28,27,58,25,1638,582,327.0,0.12886597938144329,0.2869415807560137,0.3470790378006873,0.048109965635738834,0.04639175257731959,0.09965635738831616,0.0429553264604811
363,2014,426,40,84,149,16,23,19,15,1083,346,328.0,0.11560693641618497,0.24277456647398843,0.430635838150289,0.046242774566473986,0.06647398843930635,0.05491329479768786,0.04335260115606936
364,2014,427,71,135,150,33,24,35,27,1516,475,329.0,0.14947368421052631,0.28421052631578947,0.3157894736842105,0.06947368421052631,0.05052631578947368,0.07368421052631578,0.056842105263157895
365,2014,428,97,168,262,35,33,51,39,1905,685,327.0,0.1416058394160584,0.24525547445255474,0.38248175182481753,0.051094890510948905,0.04817518248175182,0.07445255474452554,0.05693430656934306
366,2014,429,23,74,103,11,16,19,11,706,257,327.0,0.08949416342412451,0.28793774319066145,0.40077821011673154,0.042801556420233464,0.0622568093385214,0.07392996108949416,0.042801556420233464
368,2014,430,48,144,197,23,25,23,26,1492,486,327.0,0.09876543209876543,0.2962962962962963,0.4053497942386831,0.047325102880658436,0.051440329218107,0.047325102880658436,0.053497942386831275
369,2014,431,71,130,202,32,22,34,41,1600,532,327.0,0.13345864661654136,0.24436090225563908,0.37969924812030076,0.06015037593984962,0.041353383458646614,0.06390977443609022,0.07706766917293233
370,2014,432,49,82,103,15,20,16,17,980,302,335.0,0.16225165562913907,0.271523178807947,0.34105960264900664,0.04966887417218543,0.06622516556291391,0.052980132450331126,0.056291390728476824
371,2014,433,77,187,221,20,40,39,37,1775,621,336.0,0.12399355877616747,0.30112721417069244,0.355877616747182,0.0322061191626409,0.0644122383252818,0.06280193236714976,0.05958132045088567
372,2014,434,28,98,83,23,25,41,15,983,313,337.0,0.08945686900958466,0.31309904153354634,0.26517571884984026,0.07348242811501597,0.07987220447284345,0.13099041533546327,0.04792332268370607
373,2014,435,58,142,186,40,29,24,24,1494,503,338.0,0.11530815109343936,0.2823061630218688,0.3697813121272366,0.07952286282306163,0.05765407554671968,0.04771371769383698,0.04771371769383698
374,2014,436,82,132,196,28,36,27,28,1431,529,339.0,0.15500945179584122,0.2495274102079395,0.3705103969754253,0.052930056710775046,0.06805293005671077,0.05103969754253308,0.052930056710775046
375,2014,437,75,135,182,36,29,27,20,1627,504,340.0,0.1488095238095238,0.26785714285714285,0.3611111111111111,0.07142857142857142,0.057539682539682536,0.05357142857142857,0.03968253968253968
376,2014,438,78,66,118,12,16,23,21,935,334,335.0,0.23353293413173654,0.19760479041916168,0.3532934131736527,0.03592814371257485,0.04790419161676647,0.0688622754491018,0.06287425149700598
377,2014,439,36,114,168,14,22,42,26,1220,422,341.0,0.08530805687203792,0.27014218009478674,0.3981042654028436,0.03317535545023697,0.052132701421800945,0.0995260663507109,0.061611374407582936
379,2014,440,41,101,119,11,36,21,18,1081,347,343.0,0.11815561959654179,0.2910662824207493,0.34293948126801155,0.03170028818443804,0.1037463976945245,0.06051873198847262,0.05187319884726225
380,2014,441,44,132,187,14,31,29,17,1155,454,344.0,0.09691629955947137,0.2907488986784141,0.4118942731277533,0.030837004405286344,0.06828193832599119,0.06387665198237885,0.037444933920704845
381,2014,442,56,112,179,21,27,28,23,1486,446,345.0,0.12556053811659193,0.25112107623318386,0.4013452914798206,0.04708520179372197,0.06053811659192825,0.06278026905829596,0.0515695067264574
382,2014,443,63,165,145,13,29,31,26,1253,472,346.0,0.13347457627118645,0.3495762711864407,0.3072033898305085,0.02754237288135593,0.0614406779661017,0.06567796610169492,0.05508474576271186
383,2014,444,45,128,159,19,22,9,19,1089,401,345.0,0.11221945137157108,0.3192019950124688,0.39650872817955113,0.04738154613466334,0.05486284289276808,0.022443890274314215,0.04738154613466334
384,2014,445,96,165,233,25,33,32,27,1588,611,348.0,0.15711947626841244,0.2700490998363339,0.381342062193126,0.04091653027823241,0.054009819967266774,0.05237315875613748,0.044189852700491
385,2014,446,100,146,220,38,32,35,52,1603,623,349.0,0.16051364365971107,0.23434991974317818,0.35313001605136435,0.060995184590690206,0.051364365971107544,0.056179775280898875,0.08346709470304976
386,2014,447,62,136,136,24,17,21,22,1158,418,349.0,0.14832535885167464,0.3253588516746411,0.3253588516746411,0.05741626794258373,0.04066985645933014,0.050239234449760764,0.05263157894736842
387,2014,448,51,150,298,16,17,30,68,1613,630,349.0,0.08095238095238096,0.23809523809523808,0.473015873015873,0.025396825396825397,0.026984126984126985,0.047619047619047616,0.10793650793650794
388,2014,449,93,36,100,10,2,10,8,728,259,352.0,0.3590733590733591,0.138996138996139,0.3861003861003861,0.03861003861003861,0.007722007722007722,0.03861003861003861,0.03088803088803089
390,2014,450,45,108,254,19,17,19,18,1282,480,354.0,0.09375,0.225,0.5291666666666667,0.03958333333333333,0.035416666666666666,0.03958333333333333,0.0375
391,2014,451,19,78,160,19,7,14,18,1005,315,355.0,0.06031746031746032,0.24761904761904763,0.5079365079365079,0.06031746031746032,0.022222222222222223,0.044444444444444446,0.05714285714285714
392,2014,452,19,23,36,4,5,4,9,324,100,356.0,0.19,0.23,0.36,0.04,0.05,0.04,0.09
